time_offset_s,mse_m2
-987.8317,39.400298559408974
-987.3317,39.41271613676359
-986.8317,39.42701946596441
-986.3317,39.435640815224374
-985.8317,39.44614765837839
-985.3317,39.45096787771034
-984.8317,39.45767333725372
-984.3317,39.45868904669884
-983.8317,39.46158974713
-983.3317,39.458799090248085
-982.8317,39.457893179769506
-982.3317,39.45129582467274
-981.8317,39.446582976222345
-981.3317,39.436180115998205
-980.8317,39.42766152766975
-980.3317,39.41345588019268
-979.8317,39.40113427504496
-979.3317,39.38313008217693
-978.8317,39.36700970743163
-978.3317,39.34521273361168
-977.8317,39.32529935924017
-977.3317,39.29971688946333
-976.8317,39.27601780616291
-976.3317,39.246658643349434
-975.8317,39.21918265990955
-975.3317,39.18605712166502
-974.8317,39.15481456172455
-974.3317,39.11793447649249
-973.8317,39.082937174689256
-973.3317,39.042315877297256
-972.8317,39.00357717481109
-972.3317,38.95922950141241
-971.8317,38.91676424090361
-971.3317,38.86870652331607
-970.8317,38.822531043261
-970.3317,38.77078110270527
-969.8317,38.72091323113144
-969.3317,38.66549037137121
-968.8317,38.61194941899401
-968.3317,38.55287441888066
-967.8317,38.4956811716446
-967.3317,38.432976277069194
-966.8317,38.37215298809647
-966.3317,38.305841903352224
-965.8317,38.24141228430162
-965.3317,38.171520162860276
-964.8317,38.10350937469987
-964.3317,38.03006280940543
-963.8317,37.958497452602714
-963.3317,37.88152446528639
-962.8317,37.80643256941955
-962.3317,37.72596259994011
-961.8317,37.647373612734484
-961.3317,37.563437507448135
-960.8317,37.481382283242354
-960.3317,37.3940122829067
-959.8317,37.30852307055277
-959.3317,37.217752797669725
-958.8317,37.12886322787197
-958.3317,37.034727673474336
-957.8317,36.94247274557209
-957.3317,36.84500825545936
-956.8317,36.74942432365867
-956.3317,36.64866858408709
-955.8317,36.54979334314681
-955.3317,36.4457853659796
-954.8317,36.34365783635746
-954.3317,36.23643794368096
-953.8317,36.131098456145615
-953.3317,36.02070826435742
-952.8317,35.91219844407241
-952.3317,35.79868084744777
-951.8317,35.687043597533766
-951.3317,35.5704427512768
-950.8317,35.455722235858545
-950.3317,35.33608353864491
-949.8317,35.218325165389636
-949.3317,35.0956952414076
-948.8317,34.97494564356179
-948.3317,34.84937232405874
-947.8317,34.72567934199045
-947.3317,34.5972116463323
-946.8317,34.470624308586046
-946.3317,34.33931242483687
-945.8317,34.20988092870905
-945.3317,34.07577619373874
-944.8317,33.94355188538089
-944.3317,33.806706764508775
-943.8317,33.671742118566726
-943.3317,33.53221018474904
-942.8317,33.394558783546124
-942.3317,33.25239469611585
-941.8317,33.11211120838814
-941.3317,32.96737069135546
-940.8317,32.82451085054795
-940.3317,32.67725067046998
-939.8317,32.53187125260181
-939.3317,32.382149196030475
-938.8317,32.23430799713837
-938.3317,32.082182847655346
-937.8317,31.931938660824134
-937.3317,31.777470175671947
-936.8317,31.624882767661173
-936.3317,31.468131653979828
-935.8317,31.313261741455957
-935.3317,31.15428963213449
-934.8317,30.997198857518022
-934.3317,30.836068286670645
-933.8317,30.67681919360778
-933.3317,30.513593571684368
-932.8317,30.352249580153043
-932.3317,30.18699316869378
-931.8317,30.023618549753973
-931.3317,29.856396435798413
-930.8317,29.691056285996684
-930.3317,29.521934356157228
-929.8317,29.35469457159588
-929.3317,29.18373948580615
-928.8317,29.014666735887108
-928.3317,28.841945900835608
-927.8317,28.671107601689783
-927.3317,28.496689143949414
-926.8317,28.32415343156183
-926.3317,28.148106170426097
-925.8317,27.973941873467783
-925.3317,27.79633529350443
-924.8317,27.620611905881702
-924.3317,27.441516129214747
-923.8317,27.264303782346982
-923.3317,27.083789540678275
-922.8317,26.90515897551519
-922.3317,26.723297581896556
-921.8317,26.54332012068615
-921.3317,26.36018344105355
-920.8317,26.178930958871984
-920.3317,25.99459138335288
-919.8317,25.81213627940776
-919.3317,25.626666693413313
-918.8317,25.443081862131688
-918.3317,25.256555617245233
-917.8317,25.071914419157995
-917.3317,24.884405303831485
-916.8317,24.69878153626573
-916.3317,24.510363746335855
-915.8317,24.32383161392698
-915.3317,24.1345797229627
-914.8317,23.947213807998
-914.3317,23.75720273749146
-913.8317,23.569077970097023
-913.3317,23.37838295950969
-912.8317,23.189574587692682
-912.3317,22.998271164368653
-911.8317,22.808854723926807
-911.3317,22.617018672885475
-910.8317,22.427069957195915
-910.3317,22.234777290815956
-909.8317,22.04437232051543
-909.3317,21.851699248122248
-908.8317,21.660914240690925
-908.3317,21.46793713805984
-907.8317,21.27684847732081
-907.3317,21.08364385610809
-906.8317,20.89232806165483
-906.3317,20.69897253876886
-905.8317,20.507506235332862
-905.3317,20.314076502257727
-904.8317,20.122536389028625
-904.3317,19.92910918111238
-903.8317,19.73757200102279
-903.3317,19.54422406674274
-902.8317,19.352766575730193
-902.3317,19.159574645947483
-901.8317,18.968273582205754
-901.3317,18.775314339421612
-900.8317,18.584246392653707
-900.3317,18.391596440279695
-899.8317,18.20083822096495
-899.3317,18.008574052619455
-898.8317,17.818202061306952
-898.3317,17.62640003015035
-897.8317,17.43649062679106
-897.3317,17.24522691491177
-896.8317,17.055856288241635
-896.3317,16.86520687610538
-895.8317,16.676451013091715
-895.3317,16.486491649066256
-894.8317,16.298426304429665
-894.3317,16.109232474397228
-893.8317,15.921933140221299
-893.3317,15.733580037290892
-892.8317,15.547121912731846
-892.3317,15.359684407063652
-891.8317,15.17414236817216
-891.3317,14.987694976926079
-890.8317,14.803143546593306
-890.3317,14.617760404013778
-889.8317,14.434273722053756
-889.3317,14.250028549702835
-888.8317,14.0676803430832
-888.3317,13.88464642023385
-887.8317,13.703509973466867
-887.3317,13.521760107668406
-886.8317,13.341908233374223
-886.3317,13.161514731201711
-885.8317,12.983019740855626
-885.3317,12.80405437885499
-884.8317,12.626988053730562
-884.3317,12.449522049571092
-883.8317,12.273955611890702
-883.3317,12.098059595736597
-882.8317,11.924063680041117
-882.3317,11.749807666153526
-881.8317,11.577452290902606
-881.3317,11.404905649483624
-880.8317,11.234260188897986
-880.3317,11.063491618187946
-879.8317,10.894624774345079
-879.3317,10.725702272984341
-878.8317,10.558682048178762
-878.3317,10.391672887845138
-877.8317,10.226566557224423
-877.3317,10.061537255557283
-876.8317,9.898411340044795
-876.3317,9.735427633866719
-875.8317,9.574347873382033
-875.3317,9.413474692228824
-874.8317,9.254506019216564
-874.3317,9.095807459186275
-873.8317,8.939013972464071
-873.3317,8.7825532703956
-872.8317,8.627998209331691
-872.3317,8.473837717323333
-871.8317,8.321583436354242
-871.3317,8.169784596632486
-870.8317,8.019892540130998
-870.3317,7.870515860279725
-869.8317,7.723046537783369
-869.3317,7.576151566343393
-868.8317,7.431164528153365
-868.3317,7.286809830602218
-867.8317,7.144363643762623
-867.3317,7.0026067788842425
-866.8317,6.862759003551351
-866.3317,6.723656500205232
-865.8317,6.586463666416267
-865.3317,6.450071000715454
-864.8317,6.315588585566324
-864.3317,6.181960158473453
-863.8317,6.0502425637146295
-863.3317,5.919431679065098
-862.8317,5.7905322091246925
-862.3317,5.662591052085816
-861.8317,5.53656189252875
-861.3317,5.41154150850363
-860.8317,5.2884337049356045
-860.3317,5.166383978920241
-859.8317,5.046247416345035
-859.3317,4.927217052747026
-858.8317,4.810100435385478
-858.3317,4.6941369383124965
-857.8317,4.580087769891342
-857.3317,4.467237423917353
-856.8317,4.356301988435901
-856.3317,4.246609839852909
-855.8317,4.138833182835348
-855.3317,4.032343021398302
-854.8317,3.9277689316392186
-854.3317,3.824523272811448
-853.8317,3.7231942646219944
-853.3317,3.6232343323283813
-852.8317,3.5251916282902584
-852.3317,3.428557338185163
-851.8317,3.333840852419439
-851.3317,3.2405707956761622
-850.8317,3.149219117633714
-850.3317,3.0593505452620806
-849.8317,2.971400924042252
-849.3317,2.884969731740698
-848.8317,2.80045806094453
-848.3317,2.7174987744928565
-847.8317,2.6364595776170825
-847.3317,2.557005338815812
-846.8317,2.479471755193536
-846.3317,2.4035543083556186
-845.8317,2.3295580796494164
-845.3317,2.257207758649777
-844.8317,2.186779215902734
-844.3317,2.1180249317909516
-843.8317,2.051192983040907
-843.3317,1.9860622122220917
-842.8317,1.9228543306841555
-842.3317,1.8613731036728456
-841.8317,1.8018153164950268
-841.3317,1.7440082072467205
-840.8317,1.6881250848432565
-840.3317,1.634015200667943
-839.8317,1.581829846634713
-839.3317,1.5314388186965484
-838.8317,1.4829728603127041
-838.3317,1.436320834719737
-837.8317,1.3915944140394596
-837.3317,1.3487000435270728
-836.8317,1.3077318090651213
-836.3317,1.2686122452766282
-835.8317,1.2314193442911117
-835.3317,1.1960902306586942
-834.8317,1.162688302034261
-834.3317,1.1311637672632082
-833.8317,1.1015669349976036
-833.3317,1.0738595871565564
-832.8317,1.0480804544532585
-832.3317,1.0242013756729333
-831.8317,1.0022510196423338
-831.3317,0.9822097614249506
-830.8317,0.9640977283963067
-830.3317,0.9479023075377003
-829.8317,0.9336366089838366
-829.3317,0.9212935041099856
-828.8317,0.910880613186477
-828.3317,0.9023947619059424
-827.8317,0.89583961060627
-827.3317,0.8912144072797837
-826.8317,0.8885203842077013
-826.3317,0.8877576783358987
-825.8317,0.8889266270960035
-825.3317,0.89202672232605
-824.8317,0.8970589405333056
-824.3317,0.9040205942849122
-823.8317,0.9129148331936189
-823.3317,0.9237352569047008
-822.8317,0.9364887216571622
-822.3317,0.9511635816491412
-821.8317,0.9677719321440303
-821.3317,0.9862953511065319
-820.8317,1.006752703486706
-820.3317,1.0291172625811629
-819.8317,1.053416191340431
-819.3317,1.079612932921842
-818.8317,1.1077444736299407
-818.3317,1.1377629045857984
-817.8317,1.169716557230584
-817.3317,1.2035446529357314
-816.8317,1.239308385881346
-816.3317,1.276932594767273
-815.8317,1.3164928493267967
-815.3317,1.3578980980636486
-814.8317,1.4012397936845031
-814.3317,1.4464094929738174
-813.8317,1.4935160330339419
-813.3317,1.542432084009889
-812.8317,1.5932853622224608
-812.3317,1.6459281634591243
-811.8317,1.700508570883352
-811.3317,1.7568570260053318
-810.8317,1.8151434586606114
-810.3317,1.8751749845539947
-809.8317,1.9371448516344674
-809.3317,2.0008353872549773
-808.8317,2.066464619941295
-808.3317,2.1337886357161726
-807.8317,2.2030516965810287
-807.3317,2.2739822044009785
-806.8317,2.3468520974047373
-806.3317,2.421360661202025
-805.8317,2.4978089422745176
-805.3317,2.57586568918307
-804.8317,2.655862477387429
-804.3317,2.7374361094805524
-803.8317,2.820950098754687
-803.3317,2.9060079053557946
-802.8317,2.9930063768268917
-802.3317,3.0815142473883927
-801.8317,3.171963082255604
-801.3317,3.263885519800878
-800.8317,3.357749212781112
-800.3317,3.4530493479042774
-799.8317,3.550291021235792
-799.3317,3.6489306266537302
-798.8317,3.7495120446520116
-798.3317,3.8514515503029108
-797.8317,3.9553331344630736
-797.3317,4.060531643145522
-796.8317,4.167672487785271
-796.3317,4.276087791331715
-795.8317,4.3864456797686815
-795.3317,4.498034275746841
-794.8317,4.611565697003888
-794.3317,4.726282805939532
-793.8317,4.842942971971418
-793.3317,4.960742555085655
-792.8317,5.080485418520226
-792.3317,5.201320195974302
-791.8317,5.324098468361178
-791.3317,5.447919938001527
-790.8317,5.573685108561062
-790.3317,5.700443565157187
-789.8317,5.829145920022235
-789.3317,5.9587904749897715
-788.8317,6.090379116932644
-788.3317,6.222857718533782
-787.8317,6.357280587170562
-787.3317,6.492540041183799
-786.8317,6.629743933647969
-786.3317,6.767729924498973
-785.8317,6.907660516576158
-785.3317,7.048317628921364
-784.8317,7.190919496636771
-784.3317,7.334191237391101
-783.8317,7.479407879041097
-783.3317,7.625236699841041
-782.8317,7.773010558460072
-782.3317,7.92133787855323
-781.8317,8.07161036480716
-781.3317,8.222376594359071
-780.8317,8.375088109855835
-780.3317,8.528232673664874
-779.8317,8.683322634673141
-779.3317,8.838783996284002
-778.8317,8.99619085785042
-778.3317,9.153906544056591
-777.8317,9.313567824511994
-777.3317,9.473474450237457
-776.8317,9.635326756082279
-776.3317,9.797360049632527
-775.8317,9.961339100791497
-775.3317,10.125433929463782
-774.8317,10.291474584899836
-774.3317,10.457564980942445
-773.8317,10.625601264619636
-773.3317,10.793620451529865
-772.8317,10.963585578714913
-772.3317,11.133465997865192
-771.8317,11.305292401757193
-771.3317,11.476965739338794
-770.8317,11.650585098016435
-770.3317,11.823982312289981
-769.8317,11.999325575965559
-769.3317,12.174376924807438
-768.8317,12.351374343376722
-768.3317,12.528009412110455
-767.8317,12.706590562987472
-767.3317,12.88473829248889
-766.8317,13.06483210871447
-766.3317,13.244420823779434
-765.8317,13.425955622392289
-765.3317,13.606913060355737
-764.8317,13.789816571014763
-764.3317,13.972069910609505
-763.8317,14.156269304455837
-763.3317,14.339745194899669
-762.8317,14.525167113647
-762.3317,14.709791703946445
-761.8317,14.89636228918793
-761.3317,15.082061257646949
-760.8317,15.269706180366985
-760.3317,15.45640476428881
-759.8317,15.645049254567942
-759.3317,15.832672280138159
-758.8317,16.02224115703917
-758.3317,16.210713069378123
-757.8317,16.40113077100136
-757.3317,16.590375664373834
-756.8317,16.781566278069818
-756.3317,16.971507926239905
-755.8317,17.163395218967008
-755.3317,17.353957105686042
-754.8317,17.546464554501206
-754.3317,17.7375699041165
-753.8317,17.93062072678672
-753.3317,18.122192534958945
-752.8317,18.31570972068129
-752.3317,18.507670785198076
-751.8317,18.701577125415923
-751.3317,18.893850077089485
-750.8317,19.088068196392648
-750.3317,19.28057553002892
-749.8317,19.475027917125296
-749.3317,19.667692022552277
-748.8317,19.862301061298606
-748.3317,20.055044254441405
-747.8317,20.24973225492067
-747.3317,20.442476808910882
-746.8317,20.637166038543956
-746.3317,20.829834214850802
-745.8317,21.024446929529855
-745.3317,21.216961009100704
-744.8317,21.411419484331848
-744.3317,21.603701798729563
-743.8317,21.797928360772307
-743.3317,21.989901323296998
-742.8317,22.183818380288002
-742.3317,22.375404517070606
-741.8317,22.568934590119255
-741.3317,22.760056571174626
-740.8317,22.95312232541796
-740.3317,23.14370299564484
-739.8317,23.336227271249342
-739.3317,23.5261896813649
-738.8317,23.718095524462807
-738.3317,23.90736296185929
-737.8317,24.098573655406884
-737.3317,24.28706967491797
-736.8317,24.477508769463565
-736.3317,24.665157224028153
-735.8317,24.854748568377378
-735.3317,25.041473639588407
-734.8317,25.23014141135448
-734.3317,25.415867639880574
-733.8317,25.60353637590732
-733.3317,25.78818869177502
-732.8317,25.974783318420442
-732.3317,26.158287071144873
-731.8317,26.343732934413012
-731.3317,26.526013922964875
-730.8317,26.710236818473973
-730.3317,26.891221321070866
-729.8317,27.07414752384573
-729.3317,27.253762327555698
-728.8317,27.435318621632323
-728.3317,27.61349105177792
-727.8317,27.79360475960842
-727.3317,27.970262708959368
-726.8317,28.14886172060548
-726.3317,28.323933678348133
-725.8317,28.500946480451503
-725.3317,28.674361560923597
-724.8317,28.849717265441182
-724.3317,29.021405236620247
-723.8317,29.19503360931336
-723.3317,29.3649249210473
-722.8317,29.53675640971277
-722.3317,29.704782221681356
-721.8317,29.874747984113434
-721.3317,30.040840193509343
-720.8317,30.208872125181173
-720.3317,30.372963394099568
-719.8317,30.53899415555303
-719.3317,30.701017938078504
-718.8317,30.864980982011446
-718.3317,31.024871550991534
-717.8317,31.18670114903145
-717.3317,31.344393622525928
-716.8317,31.504024891679293
-716.3317,31.659455259074562
-715.8317,31.816824187841238
-715.3317,31.96992933561928
-714.8317,32.12497280976144
-714.3317,32.27569054691302
-713.8317,32.42834637486814
-713.3317,32.57661545793995
-712.8317,32.72682239586782
-712.3317,32.872582553633485
-711.8317,33.020280330086855
-711.3317,33.163472287831915
-710.8317,33.308601628041124
-710.3317,33.449167131452114
-709.8317,33.591669781213724
-709.3317,33.72955161986176
-708.8317,33.869370369021645
-708.3317,34.00451239943103
-707.8317,34.14159110495237
-707.3317,34.273938273244966
-706.8317,34.408221881851944
-706.3317,34.53772024595808
-705.8317,34.669154816346065
-705.3317,34.79575156777304
-704.8317,34.92428429237631
-704.3317,35.047927777525786
-703.8317,35.173507003834004
-703.3317,35.294146744859574
-702.8317,35.416721996274404
-702.3317,35.53430871147091
-701.8317,35.653830707694354
-701.3317,35.76831633141082
-700.8317,35.88473700835702
-700.3317,35.996074710425034
-699.8317,36.10934723964749
-699.3317,36.21749144431721
-698.8317,36.32757025194362
-698.3317,36.43247665631979
-697.8317,36.53931744148668
-697.3317,36.64094303345713
-696.8317,36.744502786237064
-696.3317,36.84280586188642
-695.8317,36.94304288070031
-695.3317,37.03798306120201
-694.8317,37.13485696970955
-694.3317,37.226395217689124
-693.8317,37.31986698115058
-693.3317,37.407965616513636
-692.8317,37.4979975576162
-692.3317,37.582620272834774
-691.8317,37.66917608697721
-691.3317,37.75028796182815
-690.8317,37.83333273185746
-690.3317,37.91090024760691
-689.8317,37.99040045800106
-689.3317,38.0643915110293
-688.8317,38.14031506152018
-688.3317,38.21069897638128
-687.8317,38.28301519501238
-687.3317,38.349762736923346
-686.8317,38.418442392536974
-686.3317,38.48152577929119
-685.8317,38.54654109343993
-685.3317,38.605934006740284
-684.8317,38.667258665017954
-684.3317,38.722936261224746
-683.8317,38.78054542401226
-683.3317,38.83248434430174
-682.8317,38.886354656923395
-682.3317,38.934533036852585
-681.8317,38.98464263913868
-681.3317,39.02904011761274
-680.8317,39.075368652864604
-680.3317,39.11596638050283
-679.8317,39.15849500385658
-679.3317,39.1952756507539
-678.8317,39.23398703693945
-678.3317,39.26693479981998
-677.8317,39.301813150312206
-677.3317,39.33091375907191
-676.8317,39.36194480863091
-676.3317,39.38718553226696
-675.8317,39.41435655486474
-675.3317,39.43572620678867
-674.8317,39.45902602091988
-674.3317,39.476514963652654
-673.8317,39.495933937027
-673.3317,39.50953408627393
-672.8317,39.525064139888435
-672.3317,39.53476896799215
-671.8317,39.54640357958151
-671.3317,39.552208118351594
-670.8317,39.55994232521506
-670.3317,39.5618431681332
-669.8317,39.56567356933693
-669.3317,39.56366887313638
-668.8317,39.56359363109023
-668.3317,39.55768311670911
-667.8317,39.553701958117024
-667.3317,39.54388691102484
-666.8317,39.536001127208635
-666.3317,39.522284397105935
-665.8317,39.51049684370192
-665.3317,39.492882843592916
-664.8317,39.47719793962176
-664.3317,39.455692644260445
-663.8317,39.43611637057029
-663.3317,39.41072731428035
-662.8317,39.387267211363806
-662.3317,39.35800348523334
-661.8317,39.33066865041923
-661.3317,39.29754089887116
-660.8317,39.26634198289187
-660.3317,39.22936239963141
-659.8317,39.194311602567396
-659.3317,39.15349392590802
-658.8317,39.114604992510735
-658.3317,39.06996450008058
-657.8317,39.027252714475836
-657.3317,38.978806217306534
-656.8317,38.932288397080185
-656.3317,38.880054233080244
-655.8317,38.8297487227486
-655.3317,38.77374674956416
-654.8317,38.719673413431565
-654.3317,38.65992500069707
-653.8317,38.60210521510346
-653.3317,38.53863323608536
-652.8317,38.477089881046886
-652.3317,38.40991870368367
-651.8317,38.34467615392956
-651.3317,38.273831631271534
-650.8317,38.20491574668079
-650.3317,38.130425206733484
-649.8317,38.057863322175066
-649.3317,37.9797555571501
-648.8317,37.90357647173077
-648.3317,37.821881726708604
-647.8317,37.74211569243241
-647.3317,37.65686565344122
-646.8317,37.57354436328533
-646.3317,37.484772144801
-645.8317,37.397928720212384
-645.3317,37.30566885208415
-644.8317,37.21533782990231
-644.3317,37.11962624370968
-643.8317,37.02584356252022
-643.3317,36.926717577366155
-642.8317,36.82952056329097
-642.3317,36.72701887103726
-641.8317,36.62644622296668
-641.3317,36.520608872917116
-640.8317,36.416700647190034
-640.3317,36.307569030227654
-639.8317,36.20036662476563
-639.3317,36.08798345695013
-638.8317,35.977529594851696
-638.3317,35.86193890048371
-637.8317,35.748277613085556
-637.3317,35.62952470724432
-636.8317,35.51270131665589
-636.3317,35.390832787217384
-635.8317,35.270893888336026
-635.3317,35.14595757747867
-634.8317,35.02295101949215
-634.3317,34.89499600469736
-633.8317,34.76897087208154
-633.3317,34.63804744663683
-632.8317,34.50905403965564
-632.3317,34.37521369266783
-631.8317,34.24330350738357
-631.3317,34.10659890331017
-630.8317,33.97182461111195
-630.3317,33.832309568818935
-629.8317,33.69472499547741
-629.3317,33.552454466831485
-628.8317,33.41211457108833
-628.3317,33.26714461909246
-627.8317,33.124105470792905
-627.3317,32.97649324727366
-626.8317,32.830812005051044
-626.3317,32.68061572790668
-625.8317,32.53235061642767
-625.3317,32.37962954644603
-624.8317,32.228839833225756
-624.3317,32.073654250481255
-623.8317,31.920400222277475
-623.3317,31.762811402116515
-622.8317,31.607154340912295
-622.3317,31.447224529536662
-621.8317,31.289226688121126
-621.3317,31.12701907777925
-620.8317,30.96674365493609
-620.3317,30.80232235873191
-619.8317,30.639833474045677
-619.3317,30.473263500375218
-618.8317,30.308626168665274
-618.3317,30.139973395291143
-617.8317,29.97325350068362
-617.3317,29.802584648457806
-616.8317,29.633848918105844
-616.3317,29.461231524351188
-615.8317,29.290547501813954
-615.3317,29.11604989337508
-614.8317,28.943485911666258
-614.3317,28.767177177640566
-613.8317,28.592802331956946
-613.3317,28.414752296116713
-612.8317,28.23863641625793
-612.3317,28.05891560917438
-611.8317,27.88112923166469
-611.3317,27.699808862545318
-610.8317,27.52042320246865
-610.3317,27.337575130718935
-609.8317,27.156662053278374
-609.3317,26.972358759799327
-608.8317,26.789990751612507
-608.3317,26.60430530984548
-607.8317,26.420555449987248
-607.3317,26.23356149671761
-606.8317,26.048503427521638
-606.3317,25.860275133452955
-605.8317,25.673983031083903
-605.3317,25.48459507119444
-604.8317,25.297143616002455
-604.3317,25.106671139695848
-603.8317,24.918135486365298
-603.3317,24.726654087427246
-602.8317,24.537109834931577
-602.3317,24.344695521304722
-601.8317,24.154218682679495
-601.3317,23.96094784606846
-600.8317,23.769614818014634
-600.3317,23.575564203333478
-599.8317,23.383451735663108
-599.3317,23.18869841033735
-598.8317,22.995883575273965
-598.3317,22.800504898409482
-597.8317,22.60706505975541
-597.3317,22.411138651186615
-596.8317,22.217151433369555
-596.3317,22.020755142599157
-595.8317,21.826298399610465
-595.3317,21.62951027465332
-594.8317,21.43466205889042
-594.3317,21.237560315033907
-593.8317,21.04239884605927
-593.3317,20.845061834552737
-592.8317,20.64966546778201
-592.3317,20.45217164446781
-591.8317,20.25661883979957
-591.3317,20.059046733698274
-590.8317,19.863416024098033
-590.3317,19.665844205960383
-589.8317,19.47021416601139
-589.3317,19.272721216849646
-588.8317,19.077170431283125
-588.3317,18.87983491089433
-587.8317,18.684441943111725
-587.3317,18.48734235860564
-586.8317,18.29218571920553
-586.3317,18.095400493549704
-585.8317,17.900558608871982
-585.3317,17.704166049466675
-584.8317,17.509717230166615
-584.3317,17.31379549746214
-583.8317,17.119817907126933
-583.3317,16.924444983296027
-582.8317,16.731016607116388
-582.3317,16.536270264794126
-581.8317,16.34346887830354
-581.3317,16.149426649407392
-580.8317,15.957329787301541
-580.3317,15.764068931944042
-579.8317,15.572753856992923
-579.3317,15.380351332499437
-578.8317,15.189895004564608
-578.3317,14.99842743460865
-577.8317,14.808906479778106
-577.3317,14.618450123646571
-576.8317,14.429940803499585
-576.3317,14.240571525500215
-575.8317,14.053149706514509
-575.3317,13.864942945537953
-574.8317,13.678684068651437
-574.3317,13.491714807900028
-573.8317,13.306693858239406
-573.3317,13.121036595134871
-572.8317,12.937328071923194
-572.3317,12.753056788205372
-571.8317,12.570734674860661
-571.3317,12.387922806889234
-570.8317,12.207060541326182
-570.3317,12.025780950597344
-569.8317,11.846451395744008
-569.3317,11.666776339633941
-568.8317,11.489051754175305
-568.3317,11.311052856922178
-567.8317,11.13500486628229
-567.3317,10.958753090218494
-566.8317,10.784452657792901
-566.3317,10.61001827483904
-565.8317,10.437535673489023
-565.3317,10.264988236921132
-564.8317,10.094393020741261
-564.3317,9.923801337242628
-563.8317,9.755162313612919
-563.3317,9.586594415621708
-562.8317,9.41997961755569
-562.3317,9.253502735919511
-561.8317,9.088979394719274
-561.3317,8.924659931667707
-560.8317,8.762294449896945
-560.3317,8.600197952342867
-559.8317,8.440055877128797
-559.3317,8.28024701030927
-558.8317,8.12239300698416
-558.3317,7.9649355284514805
-557.8317,7.809433354544396
-557.3317,7.654390088517797
-556.8317,7.501302568107033
-556.3317,7.34873538019532
-555.8317,7.198124378631842
-555.3317,7.048094150937184
-554.8317,6.900020549949264
-554.3317,6.75258715656214
-553.8317,6.607110829751198
-553.3317,6.462333112646381
-552.8317,6.319512901383908
-552.3317,6.177448646727189
-551.8317,6.03734233646248
-551.3317,5.898048251337683
-550.8317,5.7607125483258805
-550.3317,5.624244237891558
-549.8317,5.489734746351436
-549.3317,5.356146691436429
-548.8317,5.224517891147096
-548.3317,5.093863426294013
-547.8317,4.965168650639568
-547.3317,4.837499942605038
-546.8317,4.711791357076045
-546.3317,4.587159383796396
-545.8317,4.464487964956837
-545.3317,4.342942494987721
-544.8317,4.223358009915926
-544.3317,4.104947582354149
-543.8317,3.9884985685659817
-543.3317,3.8732704734616807
-542.8317,3.7600042193241126
-542.3317,3.648004478591162
-541.8317,3.5379670042341123
-541.3317,3.4292403530664917
-540.8317,3.322476391800664
-540.3317,3.2170662606022775
-539.8317,3.113619240850497
-539.3317,3.011567737685768
-538.8317,2.9114797654351174
-538.3317,2.812827659007431
-537.8317,2.7161395007892857
-537.3317,2.620926203954188
-536.8317,2.52767727035903
-536.3317,2.435940824178838
-535.8317,2.346169153912522
-535.3317,2.2579462122588074
-534.8317,2.1716884567467303
-534.3317,2.0870142714569124
-533.8317,2.0043056800023273
-533.3317,1.9232140865963874
-532.8317,1.844088492098864
-532.3317,1.7666118960619714
-531.8317,1.691101701301807
-531.3317,1.6172710649384257
-530.8317,1.5454072294325565
-530.3317,1.4752520592973648
-529.8317,1.407064086732121
-529.3317,1.3406124216428452
-528.8317,1.2761283478886505
-528.3317,1.213406747525694
-527.8317,1.1526531292385809
-527.3317,1.0936866633360787
-526.8317,1.0366885671506558
-526.3317,0.9815008052833587
-525.8317,0.9282817976016298
-525.3317,0.8768947995717791
-524.8317,0.8274769369519756
-524.3317,0.7799112437800912
-523.8317,0.7343150639294388
-523.3317,0.690589689452702
-522.8317,0.6488342028278006
-522.3317,0.6089666259094662
-521.8317,0.5710693079277194
-521.3317,0.5350754652807526
-520.8317,0.5010522491460381
-520.3317,0.46894652877392085
-519.8317,0.43881179891944694
-519.3317,0.41060703417685374
-518.8317,0.3843736203278999
-518.3317,0.36008108460369426
-517.8317,0.33776025646268704
-517.3317,0.3173896584874404
-516.8317,0.29899112104356307
-516.3317,0.2825506008235469
-515.8317,0.2680824902888357
-515.3317,0.2555786156681889
-514.8317,0.24504749604181275
-514.3317,0.2364852598943316
-513.8317,0.22989612015650532
-513.3317,0.22527893820825357
-512.8317,0.2226351901449779
-512.3317,0.22196489942865985
-511.83169999999996,0.22326837608823227
-511.33169999999996,0.22654523403001992
-510.83169999999996,0.23179618881200412
-510.33169999999996,0.2390188729512543
-509.83169999999996,0.24821597932834516
-509.33169999999996,0.25938158767039093
-508.83169999999996,0.2725219395433556
-508.33169999999996,0.2876259915452996
-507.83169999999996,0.30470510423092423
-507.33169999999996,0.32374154242011044
-506.83169999999996,0.344753354271825
-506.33169999999996,0.3677145464964096
-505.83169999999996,0.3926514211570126
-505.33169999999996,0.4195281634678032
-504.83169999999996,0.4483808927534519
-504.33169999999996,0.47916241291592765
-503.83169999999996,0.5119202203303086
-503.33169999999996,0.5465941819654856
-502.83169999999996,0.5832447268428249
-502.33169999999996,0.6217972341953741
-501.83169999999996,0.6623266164706973
-501.33169999999996,0.7047422198024749
-500.83169999999996,0.7491349854072711
-500.33169999999996,0.7953966870141653
-499.83169999999996,0.8436358338953641
-499.33169999999996,0.8937250947451193
-498.83169999999996,0.9457920795050315
-498.33169999999996,0.9996888264934515
-497.83169999999996,1.0555635716480867
-497.33169999999996,1.1132462054707803
-496.83169999999996,1.1729071073236905
-496.33169999999996,1.2343525109602715
-495.83169999999996,1.29777644808884
-495.33169999999996,1.3629599958962415
-494.83169999999996,1.4301223382470758
-494.33169999999996,1.4990179056584085
-493.83169999999996,1.5698925242482606
-493.33169999999996,1.642472498073388
-492.83169999999996,1.7170317752917768
-492.33169999999996,1.7932670646155422
-491.83169999999996,1.8714819051250162
-491.33169999999996,1.9513419527988247
-490.83169999999996,2.0331817950285576
-490.33169999999996,2.116634589750761
-489.83169999999996,2.2020674179789372
-489.33169999999996,2.28907950695925
-488.83169999999996,2.3780718639794616
-488.33169999999996,2.4686083661823948
-487.83169999999996,2.5611253665490348
-487.33169999999996,2.6551499865110944
-486.83169999999996,2.751155330358496
-486.33169999999996,2.8486303725736772
-485.83169999999996,2.9480863600035287
-485.33169999999996,3.0489727438713943
-484.83169999999996,3.1518402899027134
-484.33169999999996,3.2560975652331265
-483.83169999999996,3.3623362153088663
-483.33169999999996,3.4699225783772265
-482.83169999999996,3.57949052442136
-482.33169999999996,3.690362834567957
-481.83169999999996,3.8032169315866544
-481.33169999999996,3.917330728353545
-480.83169999999996,4.033426511573857
-480.33169999999996,4.150736032372461
-479.83169999999996,4.270027734911681
-479.33169999999996,4.390485933214069
-478.83169999999996,4.5129265042727615
-478.33169999999996,4.636485068319379
-477.83169999999996,4.762026191890832
-477.33169999999996,4.888635563907244
-476.83169999999996,5.0172276779958915
-476.33169999999996,5.146837073910882
-475.83169999999996,5.278429390252063
-475.33169999999996,5.410986819909235
-474.83169999999996,5.545527344182424
-474.33169999999996,5.680979632037257
-473.83169999999996,5.818415184564719
-473.33169999999996,5.956707990858845
-472.83169999999996,6.096984227781474
-472.33169999999996,6.2380620701857135
-471.83169999999996,6.381123505107597
-471.33169999999996,6.524929780825153
-470.83169999999996,6.670719806918273
-470.33169999999996,6.817196815239251
-469.83169999999996,6.965657727799459
-469.33169999999996,7.114746693097731
-468.83169999999996,7.265819712543052
-468.33169999999996,7.417460807706277
-467.83169999999996,7.57108610300833
-467.33169999999996,7.725218473291819
-466.83169999999996,7.881335185831023
-466.33169999999996,8.037896973125884
-465.83169999999996,8.196443240960946
-465.33169999999996,8.355371608466847
-464.83169999999996,8.51628459100881
-464.33169999999996,8.67751574830153
-463.83169999999996,8.840731651382569
-463.33169999999996,9.004200879866284
-462.83169999999996,9.16965498119321
-462.33169999999996,9.335296659927403
-461.83169999999996,9.502923334909745
-461.33169999999996,9.670670966800374
-460.83169999999996,9.840403714742697
-460.33169999999996,10.010189953087204
-459.83169999999996,10.181961423735203
-459.33169999999996,10.35371809911073
-458.83169999999996,10.52746011954051
-458.33169999999996,10.701118267024603
-457.83169999999996,10.876761868864403
-457.33169999999996,11.052251755577277
-456.83169999999996,11.229727202550734
-456.33169999999996,11.406978355508183
-455.83169999999996,11.586215171288146
-455.33169999999996,11.76515640555385
-454.83169999999996,11.946083401915626
-454.33169999999996,12.126642849041698
-453.83169999999996,12.309188154304437
-453.33169999999996,12.491293291048777
-452.83169999999996,12.675384378793662
-452.33169999999996,12.858962056102673
-451.83169999999996,13.044525774156396
-451.33169999999996,13.229502246401436
-450.83169999999996,13.416464846073413
-450.33169999999996,13.602765800529319
-449.83169999999996,13.791052966090888
-449.33169999999996,13.978603552644767
-448.83169999999996,14.168140431038648
-448.33169999999996,14.356865292117039
-447.83169999999996,14.547576522885116
-447.33169999999996,14.73739982358757
-446.83169999999996,14.929209569005028
-446.33169999999996,15.12005502743203
-445.83169999999996,15.312887002835827
-445.33169999999996,15.504677920598924
-444.83169999999996,15.698455424898405
-444.33169999999996,15.891114717800342
-443.83169999999996,16.085760664157824
-443.33169999999996,16.279210893030378
-442.83169999999996,16.474647839699397
-442.33169999999996,16.66881124138661
-441.83169999999996,16.864961422695504
-441.33169999999996,17.05975994116985
-440.83169999999996,17.256545298638276
-440.33169999999996,17.451900616237335
-439.83169999999996,17.649242829813225
-439.33169999999996,17.845076398584382
-438.83169999999996,18.042896917988873
-438.33169999999996,18.239129991129406
-437.83169999999996,18.437350067297153
-437.33169999999996,18.63390373067721
-436.83169999999996,18.832444447279514
-436.33169999999996,19.029239651035304
-435.83169999999996,19.228021956073402
-435.33169999999996,19.4249795462579
-434.83169999999996,19.62392428371382
-434.33169999999996,19.8209650339924
-433.83169999999996,20.019992975524577
-433.33169999999996,20.217037618902804
-432.83169999999996,20.4160694955739
-432.33169999999996,20.61303875614477
-431.83169999999996,20.811995290168884
-431.33169999999996,21.008809914866813
-430.83169999999996,21.20761185136339
-430.33169999999996,21.404192641712203
-429.83169999999996,21.602760780453917
-429.33169999999996,21.799028624296124
-428.83169999999996,21.997283851438
-428.33169999999996,22.193159754632614
-427.83169999999996,22.39102307440966
-427.33169999999996,22.586428192485883
-426.83169999999996,22.783820758866558
-426.33169999999996,22.978676428620616
-425.83169999999996,23.175519576903376
-425.33169999999996,23.369747347925813
-424.83169999999996,23.565962626266163
-424.33169999999996,23.759484292387
-423.83169999999996,23.954993493242284
-423.33169999999996,24.147731123881393
-422.83169999999996,24.342456315360813
-422.33169999999996,24.53433228677097
-421.83169999999996,24.728195843878183
-421.33169999999996,24.919132870268125
-420.83169999999996,25.112057506023984
-420.33169999999996,25.301978670549268
-419.83169999999996,25.49388746698206
-419.33169999999996,25.68271625259092
-418.83169999999996,25.87353269158184
-418.33169999999996,26.06119301170399
-417.83169999999996,26.25084100567535
-417.33169999999996,26.437257234741214
-416.83169999999996,26.62566115717513
-416.33169999999996,26.810758160953316
-415.83169999999996,26.99784287672858
-415.33169999999996,27.181546042469456
-414.83169999999996,27.367236938004456
-414.33169999999996,27.549472204377633
-413.83169999999996,27.733695217567206
-413.33169999999996,27.914389104380973
-412.83169999999996,28.097070754315144
-412.33169999999996,28.27615039200595
-411.83169999999996,28.457217808458694
-411.33169999999996,28.634610967338702
-410.83169999999996,28.81399192001477
-410.33169999999996,28.989627039265915
-409.83169999999996,29.167249966794095
-409.33169999999996,29.34105618319685
-408.83169999999996,29.516850221857965
-408.33169999999996,29.68875739824335
-407.83169999999996,29.8626524104214
-407.33169999999996,30.032591163834756
-406.83169999999996,30.20451776617991
-406.33169999999996,30.3724194957452
-405.83169999999996,30.542309087037168
-405.33169999999996,30.70810600151048
-404.83169999999996,30.875890790211173
-404.33169999999996,31.039515935212496
-403.83169999999996,31.205128966696826
-403.33169999999996,31.36651625160904
-402.83169999999996,31.529891435063007
-402.33169999999996,31.688975659587268
-401.83169999999996,31.850047794562418
-401.33169999999996,32.00676467491943
-400.83169999999996,32.165469477533065
-400.33169999999996,32.319755672299415
-399.83169999999996,32.47602980107003
-399.33169999999996,32.62782293663948
-398.83169999999996,32.78160401794698
-398.33169999999996,32.9308427136063
-397.83169999999996,33.0820693667668
-397.33169999999996,33.228693259376094
-396.83169999999996,33.37730512132123
-396.33169999999996,33.521254889588846
-395.83169999999996,33.6671926391396
-395.33169999999996,33.80841002748184
-394.83169999999996,33.95161540920719
-394.33169999999996,34.09004325118324
-393.83169999999996,34.23045909883395
-393.33169999999996,34.366041340146516
-392.83169999999996,34.50361159965475
-392.33169999999996,34.63629332070725
-391.83169999999996,34.77096307274259
-391.33169999999996,34.900690510743765
-390.83169999999996,35.03240599281669
-390.33169999999996,35.15912656342369
-389.83169999999996,35.28783519152757
-389.33169999999996,35.41149751001886
-388.83169999999996,35.53714789980172
-388.33169999999996,35.65770180177128
-387.83169999999996,35.78024378922878
-387.33169999999996,35.89764035079319
-386.83169999999996,36.017025012474605
-386.33169999999996,36.131216569984915
-385.83169999999996,36.24739624270384
-385.33169999999996,36.358336411954305
-384.83169999999996,36.47126471199623
-384.33169999999996,36.57890840692209
-383.83169999999996,36.688540248740956
-383.33169999999996,36.792843699597796
-382.83169999999996,36.899135313994236
-382.33169999999996,37.00005608501154
-381.83169999999996,37.10296503678519
-381.33169999999996,37.20046204328698
-380.83169999999996,37.29994724835599
-380.33169999999996,37.393980773341625
-379.83169999999996,37.49000251532224
-379.33169999999996,37.58053422550071
-378.83169999999996,37.67305417174043
-378.33169999999996,37.76004713301164
-377.83169999999996,37.84902835006927
-377.33169999999996,37.93244704244607
-376.83169999999996,38.017854011012616
-376.33169999999996,38.09766434297753
-375.83169999999996,38.17946297223174
-375.33169999999996,38.255632294522634
-374.83169999999996,38.33378993591545
-374.33169999999996,38.406287054734456
-373.83169999999996,38.480772515196875
-373.33169999999996,38.549567704837386
-372.83169999999996,38.620351259406185
-372.33169999999996,38.68541627429261
-371.83169999999996,38.75246967814903
-371.33169999999996,38.813777764284644
-370.83169999999996,38.877074264201056
-370.33169999999996,38.934600170019074
-369.83169999999996,38.99411451520893
-369.33169999999996,39.04783450182265
-368.83169999999996,39.10354295418948
-368.33169999999996,39.15343480503706
-367.83169999999996,39.20531514881819
-367.33169999999996,39.25135817869842
-366.83169999999996,39.29938972949958
-366.33169999999996,39.34156479299471
-365.83169999999996,39.38572840621181
-365.33169999999996,39.42401790549424
-364.83169999999996,39.46429598411894
-364.33169999999996,39.49868387613836
-363.83169999999996,39.53506037794419
-363.33169999999996,39.565532180992435
-362.83169999999996,39.597992625098584
-362.33169999999996,39.624535424749396
-361.83169999999996,39.65306689755942
-361.33169999999996,39.6756693519807
-360.83169999999996,39.70026051249377
-360.33169999999996,39.71891285713019
-359.83169999999996,39.7395539416227
-359.33169999999996,39.75424799324665
-358.83169999999996,39.770930819322196
-358.33169999999996,39.78165997945146
-357.83169999999996,39.794377949457534
-357.33169999999996,39.801137207138275
-356.83169999999996,39.809885310948275
-356.33169999999996,39.81267124490209
-355.83169999999996,39.81744606206153
-355.33169999999996,39.81625684219569
-354.83169999999996,39.817056543431455
-354.33169999999996,39.81189193171173
-353.83169999999996,39.80871627980406
-353.33169999999996,39.799577630489615
-352.83169999999996,39.79242798050614
-352.33169999999996,39.77931823974646
-351.83169999999996,39.768197538638226
-351.33169999999996,39.75112124343204
-350.83169999999996,39.73603402899171
-350.33169999999996,39.71499730550848
-349.83169999999996,39.69594970469094
-349.33169999999996,39.67096026595528
-348.83169999999996,39.647959992561375
-348.33169999999996,39.61902713550149
-347.83169999999996,39.59208348722568
-347.33169999999996,39.55921808908688
-346.83169999999996,39.52834194392999
-346.33169999999996,39.49155645805455
-345.83169999999996,39.45676027010304
-345.33169999999996,39.416068721078275
-344.83169999999996,39.37736651565153
-344.33169999999996,39.33278449382771
-343.83169999999996,39.29019186199546
-343.33169999999996,39.241736517375955
-342.83169999999996,39.19527060984769
-342.33169999999996,39.142960645353526
-341.83169999999996,39.09264016574259
-341.33169999999996,39.03649582985429
-340.83169999999996,38.98234102731899
-340.33169999999996,38.92238410609835
-339.83169999999996,38.86441676736337
-339.33169999999996,38.800670575858476
-338.83169999999996,38.73891401661935
-338.33169999999996,38.671403389656156
-337.83169999999996,38.60588244537042
-337.33169999999996,38.534633727734686
-336.83169999999996,38.465374743803295
-336.33169999999996,38.39041577981649
-335.83169999999996,38.31744660115937
-335.33169999999996,38.23880672365286
-334.83169999999996,38.162156683682724
-334.33169999999996,38.07986670237462
-333.83169999999996,37.99956661137351
-333.33169999999996,37.91365880065269
-332.83169999999996,37.829740933555605
-332.33169999999996,37.740249019677826
-331.83169999999996,37.652747103268624
-331.33169999999996,37.559706250969775
-330.83169999999996,37.46865545049417
-330.33169999999996,37.372102249025964
-329.83169999999996,37.27753915422699
-329.33169999999996,37.17751160282077
-328.83169999999996,37.07947421340241
-328.33169999999996,36.976011706166595
-327.83169999999996,36.87453941669112
-327.33169999999996,36.76768272694864
-326.83169999999996,36.66281631117383
-326.33169999999996,36.55260757524545
-325.83169999999996,36.44438916990791
-325.33169999999996,36.33087187034808
-324.83169999999996,36.219344958399056
-324.33169999999996,36.10256390669098
-323.83169999999996,35.98777329999133
-323.33169999999996,35.867774618708026
-322.83169999999996,35.74976644018938
-322.33169999999996,35.62659754462793
-321.83169999999996,35.505419209926934
-321.33169999999996,35.37912878922321
-320.83169999999996,35.25482898779636
-320.33169999999996,35.12546698552779
-319.83169999999996,34.99809566125428
-319.33169999999996,34.865713255538274
-318.83169999999996,34.73532158681862
-318.33169999999996,34.59997116991478
-317.83169999999996,34.46661154927317
-317.33169999999996,34.32834670669725
-316.83169999999996,34.19207271989569
-316.33169999999996,34.05094820905371
-315.83169999999996,33.91181461372643
-315.33169999999996,33.767886342077446
-314.83169999999996,33.62594904589396
-314.33169999999996,33.479274048650296
-313.83169999999996,33.33459008701589
-313.33169999999996,33.18522650438956
-312.83169999999996,33.03785401769207
-312.33169999999996,32.88586107169666
-311.83169999999996,32.73585928210874
-311.33169999999996,32.58129725292584
-310.83169999999996,32.4287264407718
-310.33169999999996,32.27165664269161
-309.83169999999996,32.11657812238841
-309.33169999999996,31.95706287933394
-308.83169999999996,31.799538974915922
-308.33169999999996,31.63764159556069
-307.83169999999996,31.477735615797744
-307.33169999999996,31.31352036828692
-306.83169999999996,31.15129658140611
-306.33169999999996,30.984828667691087
-305.83169999999996,30.82035227571183
-305.33169999999996,30.6516978055086
-304.83169999999996,30.485034918201624
-304.33169999999996,30.314260882583348
-303.83169999999996,30.145478491063823
-303.33169999999996,29.972652735698066
-302.83169999999996,29.801818685663555
-302.33169999999996,29.62700988370501
-301.83169999999996,29.454192848328802
-301.33169999999996,29.27747047297823
-300.83169999999996,29.102739925469
-300.33169999999996,28.92417422220947
-299.83169999999996,28.747600408048235
-299.33169999999996,28.567262366569622
-298.83169999999996,28.388916275435005
-298.33169999999996,28.206877601258117
-297.83169999999996,28.021218856761685
-297.33169999999996,27.832013631951952
-296.83169999999996,27.642105053462
-296.33169999999996,27.451511989874437
-295.83169999999996,27.260253369994075
-295.33169999999996,27.068348180634377
-294.83169999999996,26.87581546496783
-294.33169999999996,26.68267432030701
-293.83169999999996,26.48894389644132
-293.33169999999996,26.29464339341341
-292.83169999999996,26.099792059843043
-292.33169999999996,25.90440919069972
-291.83169999999996,25.708514125614403
-291.33169999999996,25.5121262466492
-290.83169999999996,25.31526497659772
-290.33169999999996,25.11794977675258
-289.83169999999996,24.920200145195228
-289.33169999999996,24.72203561456207
-288.83169999999996,24.52347575032453
-288.33169999999996,24.32454014855463
-287.83169999999996,24.125248434196052
-287.33169999999996,23.925620258830026
-286.83169999999996,23.725675298938146
-286.33169999999996,23.52543325366936
-285.83169999999996,23.324913843095388
-285.33169999999996,23.124136805979607
-284.83169999999996,22.923121898025848
-284.33169999999996,22.72188888964998
-283.83169999999996,22.52045756422291
-283.33169999999996,22.318847715845664
-282.83169999999996,22.117079147587397
-282.33169999999996,21.91517166926476
-281.83169999999996,21.713145095675703
-281.33169999999996,21.511019244383956
-280.83169999999996,21.308813933949466
-280.33169999999996,21.106548981718735
-279.83169999999996,20.904244202052677
-279.33169999999996,20.70191940412366
-278.83169999999996,20.499594390141578
-278.33169999999996,20.29728895315838
-277.83169999999996,20.095022875293115
-277.33169999999996,19.89281592554481
-276.83169999999996,19.690687858017306
-276.33169999999996,19.48865840974116
-275.83169999999996,19.286747298899144
-275.33169999999996,19.084974222657976
-274.83169999999996,18.88335885539524
-274.33169999999996,18.68192084654174
-273.83169999999996,18.480679818810625
-273.33169999999996,18.27965536605114
-272.83169999999996,18.078867051480785
-272.33169999999996,17.87833440555122
-271.83169999999996,17.67807692418419
-271.33169999999996,17.4781140666504
-270.83169999999996,17.278465253810033
-270.33169999999996,17.0791498660053
-269.83169999999996,16.88018724130633
-269.33169999999996,16.68159667341816
-268.83169999999996,16.483397409932824
-268.33169999999996,16.285608650251458
-267.83169999999996,16.08824954384341
-267.33169999999996,15.89133918818422
-266.83169999999996,15.694896627022471
-266.33169999999996,15.498940848334408
-265.83169999999996,15.303490782599315
-265.33169999999996,15.108565300771472
-264.83169999999996,14.914183212564836
-264.33169999999996,14.720363264443074
-263.83169999999996,14.527124137914283
-263.33169999999996,14.334484447539808
-262.83169999999996,14.142462739239798
-262.33169999999996,13.951077488321458
-261.83169999999996,13.76034709779623
-261.33169999999996,13.570289896428188
-260.83169999999996,13.380924137063545
-260.33169999999996,13.19226799469989
-259.83169999999996,13.004339564828797
-259.33169999999996,12.817156861526547
-258.83169999999996,12.630737815810583
-258.33169999999996,12.44510027375239
-257.83169999999996,12.26026199484851
-257.33169999999996,12.07624065015626
-256.83169999999996,11.893053820680027
-256.33169999999996,11.710718995530442
-255.83169999999996,11.52925357032671
-255.33169999999996,11.348674845379861
-254.83169999999996,11.169000024111819
-254.33169999999996,10.990246211263367
-253.83169999999996,10.81243041133065
-253.33169999999996,10.635569526798484
-252.83169999999996,10.459680356594973
-252.33169999999996,10.284779594350757
-251.83169999999996,10.110883826872469
-251.33169999999996,9.938009532428488
-250.83169999999996,9.766173079241915
-250.33169999999996,9.595390723803412
-249.83169999999996,9.425678609384386
-249.33169999999996,9.257052764377482
-248.83169999999996,9.089529100830612
-248.33169999999996,8.92312341281568
-247.83169999999996,8.75785137498412
-247.33169999999996,8.596094113493544
-246.83169999999996,8.434557769931875
-246.33169999999996,8.274984630550007
-245.83169999999996,8.115697006980348
-245.33169999999996,7.958372013596161
-244.83169999999996,7.801396223578382
-244.33169999999996,7.646382497559426
-243.83169999999996,7.491780726791913
-243.33169999999996,7.3391404617443525
-242.83169999999996,7.186973943201171
-242.33169999999996,7.036768380102772
-241.83169999999996,6.887097369553678
-241.33169999999996,6.739386772269647
-240.83169999999996,6.592270524192813
-240.33169999999996,6.447114155384314
-239.83169999999996,6.302610899281321
-239.33169999999996,6.16006699671629
-238.83169999999996,6.018233913838934
-238.33169999999996,5.878359667114682
-237.83169999999996,5.739252867612852
-237.33169999999996,5.602104395299754
-236.83169999999996,5.465778895799557
-236.33169999999996,5.331411223014978
-235.83169999999996,5.197920924636056
-235.33169999999996,5.066387961057483
-234.83169999999996,4.935785627878315
-234.33169999999996,4.807140146204482
-233.83169999999996,4.679477384184294
-233.33169999999996,4.553770999052912
-232.83169999999996,4.4290982354186115
-232.33169999999996,4.306381382789137
-231.83169999999996,4.184747845895508
-231.33169999999996,4.065069762905195
-230.83169999999996,3.946523462576414
-230.33169999999996,3.8299321678776868
-229.83169999999996,3.714519876238011
-229.33169999999996,3.601062150825027
-228.83169999999996,3.488829383626316
-228.33169999999996,3.3785507521583815
-227.83169999999996,3.2695417506119036
-227.33169999999996,3.1624864632412035
-226.83169999999996,3.0567441763610033
-226.33169999999996,2.9529551910718914
-225.83169999999996,2.8505212585367508
-225.33169999999996,2.7500402240036776
-224.83169999999996,2.650954959544529
-224.33169999999996,2.5538221985154292
-223.83169999999996,2.4581245738348483
-223.33169999999996,2.364379067046642
-222.83169999999996,2.272106696276832
-222.33169999999996,2.1817860669094498
-221.83169999999996,2.0929751916149355
-221.33169999999996,2.0061156902900716
-220.83169999999996,1.920801165021074
-220.33169999999996,1.83743765535166
-219.83169999999996,1.7556529337539255
-219.33169999999996,1.6758188784500843
-218.83169999999996,1.597595999936695
-218.33169999999996,1.5213234474737176
-217.83169999999996,1.4466930244642133
-217.33169999999996,1.3740125963178735
-216.83169999999996,1.3030038020497559
-216.33169999999996,1.2339446805040544
-215.83169999999996,1.1665852374215417
-215.33169999999996,1.1011751539537324
-214.83169999999996,1.0374913226783835
-214.33169999999996,0.9757565469259126
-213.83169999999996,0.9157731158135141
-213.33169999999996,0.8577384451272608
-212.83169999999996,0.8014787204151335
-212.33169999999996,0.747167470003116
-211.83169999999996,0.694653266551757
-211.33169999999996,0.6440872602172164
-210.83169999999996,0.5953388928499621
-210.33169999999996,0.5485384543275139
-209.83169999999996,0.5035747297716603
-209.33169999999996,0.46055867466494926
-208.83169999999996,0.4193968840975313
-208.33169999999996,0.38018251242159434
-207.83169999999996,0.34283842462278086
-207.33169999999996,0.3074415139540731
-206.83169999999996,0.27392936907088933
-206.33169999999996,0.24236416830769011
-205.83169999999996,0.21269667223053582
-205.33169999999996,0.18497589596620115
-204.83169999999996,0.159164215320388
-204.33169999999996,0.13529903883167502
-203.83169999999996,0.11335279658595707
-203.33169999999996,0.09335285143839563
-202.83169999999996,0.0752801231322218
-202.33169999999996,0.059153493404262715
-201.83169999999996,0.04496080399523078
-201.33169999999996,0.032714023122651766
-200.83169999999996,0.022406344455394956
-200.33169999999996,0.014044392697195806
-199.83169999999996,0.007625141594683703
-199.33169999999996,0.0031514441214538142
-198.83169999999996,0.0006224810994398558
-198.33169999999996,3.890670493100179e-05
-197.83169999999996,0.0014005353100287725
-197.33169999999996,0.004707395746416252
-196.83169999999996,0.009958362518036747
-196.33169999999996,0.017154412455101957
-195.83169999999996,0.02629190751123384
-195.33169999999996,0.037374345119451084
-194.83169999999996,0.05039400336601578
-194.33169999999996,0.06535847152327588
-193.83169999999996,0.08225437448653938
-193.33169999999996,0.10109496260799271
-192.83169999999996,0.12185964088926614
-192.33169999999996,0.14456888737951779
-191.83169999999996,0.16919332373112914
-191.33169999999996,0.19576221905776942
-190.83169999999996,0.22423585207904015
-190.33169999999996,0.2546538424662443
-189.83169999999996,0.28696457091795585
-189.33169999999996,0.32121956265863927
-188.83169999999996,0.3573537503942258
-188.33169999999996,0.39543211477899104
-187.83169999999996,0.43537459629044944
-187.33169999999996,0.4772611751513166
-186.83169999999996,0.5209952617275763
-186.33169999999996,0.5666733735942402
-185.83169999999996,0.6141808600894906
-185.33169999999996,0.6636323069556026
-184.83169999999996,0.7148934791648331
-184.33169999999996,0.7680985538615631
-183.83169999999996,0.8230921965003246
-183.33169999999996,0.8800296906742112
-182.83169999999996,0.9387330959593665
-182.33169999999996,0.9993803086512274
-181.83169999999996,1.061769285479221
-181.33169999999996,1.1261020323006474
-180.83169999999996,1.1921509160195785
-180.33169999999996,1.2601435389233044
-179.83169999999996,1.3298252016948569
-179.33169999999996,1.4014505793350513
-178.83169999999996,1.474736441082091
-178.33169999999996,1.5499659997603898
-177.83169999999996,1.626826039695812
-177.33169999999996,1.705629764888666
-176.83169999999996,1.7860325336208345
-176.33169999999996,1.868378982083522
-175.83169999999996,1.9522916142934192
-175.33169999999996,2.0381479267358356
-174.83169999999996,2.1255361544208116
-174.33169999999996,2.2148680687499263
-173.83169999999996,2.305696235028697
-173.33169999999996,2.3984681001523356
-172.83169999999996,2.492699173625679
-172.33169999999996,2.5888739638120626
-171.83169999999996,2.686469553473411
-171.33169999999996,2.7860088832606693
-170.83169999999996,2.8869292539505986
-170.33169999999996,2.9897933936002468
-169.83169999999996,3.093997481998637
-169.33169999999996,3.200145373486791
-168.83169999999996,3.307590804636209
-168.33169999999996,3.416980078176092
-167.83169999999996,3.5276231825297577
-167.33169999999996,3.640210173618856
-166.83169999999996,3.754006004606311
-166.33169999999996,3.8697457715913055
-165.83169999999996,3.986648123694724
-165.33169999999996,4.105494465847135
-164.83169999999996,4.225455893181002
-164.33169999999996,4.34736136927626
-163.83169999999996,4.470333204662936
-163.33169999999996,4.595249152055405
-162.83169999999996,4.721181526588909
-162.33169999999996,4.8490580807752055
-161.83169999999996,4.977899943865333
-161.33169999999996,5.1086860585280425
-160.83169999999996,5.240385198416773
-160.33169999999996,5.374028665940513
-159.83169999999996,5.5085317306824395
-159.33169999999996,5.644979203134026
-158.83169999999996,5.7822317220323916
-158.33169999999996,5.921428732596656
-157.83169999999996,6.0613751380863405
-157.33169999999996,6.203266122948989
-156.83169999999996,6.3458497729177
-156.33169999999996,6.490378093586414
-155.83169999999996,6.63554129412506
-155.33169999999996,6.782649260179858
-154.83169999999996,6.93033328875299
-154.33169999999996,7.079962181016715
-153.83169999999996,7.230107310043707
-153.33169999999996,7.382197404163325
-152.83169999999996,7.534742925000844
-152.33169999999996,7.689233515430061
-151.83169999999996,7.844117762746139
-151.33169999999996,8.00094718711973
-150.83169999999996,8.158107563649704
-150.33169999999996,8.317213227539728
-149.83169999999996,8.476586229214059
-149.33169999999996,8.637904631258026
-148.83169999999996,8.799425872691925
-148.33169999999996,8.962892630082836
-147.83169999999996,9.126496870417434
-147.33169999999996,9.29204674474542
-146.83169999999996,9.45766791383015
-146.33169999999996,9.625234837265362
-145.83169999999996,9.792806062170978
-145.33169999999996,9.962323163977196
-144.83169999999996,10.13177679582882
-144.33169999999996,10.303176429197128
-143.83169999999996,10.474444070316554
-143.33169999999996,10.647657839508325
-142.83169999999996,10.820670370854653
-142.33169999999996,10.995629158642918
-141.83169999999996,11.170316767540516
-141.33169999999996,11.34695076293874
-140.83169999999996,11.523242971081412
-140.33169999999996,11.701481697348475
-139.83169999999996,11.879307389068579
-139.33169999999996,12.0590797319788
-138.83169999999996,12.238367182769972
-138.33169999999996,12.419601419136782
-137.83169999999996,12.600278324418818
-137.33169999999996,12.782902150860611
-136.83169999999996,12.964895654974967
-136.33169999999996,13.148836216911656
-135.83169999999996,13.332072942335921
-135.33169999999996,13.517256863204473
-134.83169999999996,13.701662939974108
-134.33169999999996,13.888016350651423
-133.83169999999996,14.07351744597691
-133.33169999999996,14.260966014398152
-132.83169999999996,14.447487362465763
-132.33169999999996,14.635956323426317
-131.83169999999996,14.823422755370446
-131.33169999999996,15.012836940499522
-130.83169999999996,15.201172914534627
-130.33169999999996,15.391456782428484
-129.83169999999996,15.5805864141285
-129.33169999999996,15.771664080631206
-128.83169999999996,15.961511173344324
-128.33169999999996,16.153306441963913
-127.83169999999996,16.343794517350506
-127.33169999999996,16.536230909798295
-126.83169999999996,16.72728323847975
-126.33169999999996,16.920284025320623
-125.83169999999996,17.111823657626754
-125.33169999999996,17.305311889028072
-124.83169999999996,17.497261685830864
-124.33169999999996,17.69116022239769
-123.83169999999996,17.88344288601889
-123.33169999999996,18.077674429703173
-122.83169999999996,18.270212534883466
-122.33169999999996,18.46469965995474
-121.83169999999996,18.657415684871978
-121.33169999999996,18.852080868937247
-120.83169999999996,19.04489722626139
-120.33169999999996,19.239662881321657
-119.83169999999996,19.432501949293883
-119.33169999999996,19.627290452824965
-118.83169999999996,19.820074606348573
-118.33169999999996,20.014808332393677
-117.83169999999996,20.20745997412428
-117.33169999999996,20.402061324385894
-116.83169999999996,20.594502915808434
-116.33169999999996,20.78889435072711
-115.83169999999996,20.98104844320725
-115.33169999999996,21.17515251301474
-114.83169999999996,21.366941778812215
-114.33169999999996,21.5606811545466
-113.83169999999996,21.752028417778043
-113.33169999999996,21.94532592224836
-112.83169999999996,22.13615418978724
-112.33169999999996,22.32893282847526
-111.83169999999996,22.51916532077654
-111.33169999999996,22.711348312663215
-110.83169999999996,22.90090849450035
-110.33169999999996,23.092419302804746
-109.83169999999996,23.28123091390678
-109.33169999999996,23.471993276724948
-108.83169999999996,23.65998036230134
-108.33169999999996,23.8499183231331
-107.83169999999996,24.037005264274118
-107.33169999999996,24.22604320242533
-106.83169999999996,24.41215474636585
-106.33169999999996,24.600217407214082
-105.83169999999996,24.78527869744857
-105.33169999999996,24.972291222560052
-104.83169999999996,25.156227828796823
-104.33169999999996,25.34211578588258
-103.83169999999996,25.524853733825164
-103.33169999999996,25.70954314652436
-102.83169999999996,25.891008947468208
-102.33169999999996,26.074426324946767
-101.83169999999996,26.254547005179347
-101.33169999999996,26.436619371531993
-100.83169999999996,26.615322501524517
-100.33169999999996,26.79597742496847
-99.83169999999996,26.973191148347624
-99.33169999999996,27.152356770196256
-98.83169999999996,27.328009832484277
-98.33169999999996,27.505614895889156
-97.83169999999996,27.679636673000726
-97.33169999999996,27.855610551450496
-96.83169999999996,28.027931077935158
-96.33169999999996,28.202203803499856
-95.83169999999996,28.37275380051856
-95.33169999999996,28.545256091828143
-94.83169999999996,28.713966994852704
-94.33169999999996,28.884630284798472
-93.83169999999996,29.051434271023
-93.33169999999996,29.220190734170895
-92.83169999999996,29.38502074962398
-92.33169999999996,29.551803329328845
-91.83169999999996,29.714593115675953
-91.33169999999996,29.87933555088574
-90.83169999999996,30.04001967191087
-90.33169999999996,30.202656523650276
-89.83169999999996,30.361170391406336
-89.33169999999996,30.521637068929127
-88.83169999999996,30.677916969546672
-88.33169999999996,30.83614975614627
-87.83169999999996,30.99013287529014
-87.33169999999996,31.146068953758217
-86.83169999999996,31.297693401722
-86.33169999999996,31.451270879444788
-85.83169999999996,31.600475715873014
-85.33169999999996,31.751633649555398
-84.83169999999996,31.898358907783614
-84.33169999999996,32.04703732779106
-83.83169999999996,32.191224038794026
-83.33169999999996,32.33736397310266
-82.83169999999996,32.47895418904116
-82.33169999999996,32.62249768678635
-81.83169999999996,32.76143450414312
-81.33169999999996,32.902324658757266
-80.83169999999996,33.03855224105283
-80.33169999999996,33.176733212983
-79.83169999999996,33.31019681306238
-79.33169999999996,33.44561385205881
-78.83169999999996,33.57625983394017
-78.33169999999996,33.70885930090664
-77.83169999999996,33.836635161183125
-77.33169999999996,33.966364549580554
-76.83169999999996,34.09121893836678
-76.33169999999996,34.21802689516146
-75.83169999999996,34.33990963657635
-75.33169999999996,34.46374598272447
-74.83169999999996,34.582608094902156
-74.33169999999996,34.703423845362394
-73.83169999999996,34.81921755998334
-73.33169999999996,34.93696494324963
-72.83169999999996,35.049643724584
-72.33169999999996,35.16427620173054
-71.83169999999996,35.27379476518639
-71.33169999999996,35.38526704841745
-70.83169999999996,35.49158137858621
-70.33169999999996,35.59984944928323
-69.83169999999996,35.7029168174754
-69.33169999999996,35.80793794373416
-68.83169999999996,35.90771692499812
-68.33169999999996,36.00944967864916
-67.83169999999996,36.10590016826636
-67.33169999999996,36.20430444137166
-66.83169999999996,36.29738767082159
-66.33169999999996,36.39242469164104
-65.83169999999996,36.48210324402972
-65.33169999999996,36.573735592451015
-64.83169999999996,36.65997341739673
-64.33169999999996,36.7481650398225
-63.831699999999955,36.830927467792876
-63.331699999999955,36.915643691479254
-62.831699999999955,36.99489744757403
-62.331699999999955,37.07610499441474
-61.831699999999955,37.151818211588754
-61.331699999999955,37.2294852113394
-60.831699999999955,37.30162744306044
-60.331699999999955,37.37572344599771
-59.831699999999955,37.44426567833427
-59.331699999999955,37.51476166734493
-58.831699999999955,37.57967633047911
-58.331699999999955,37.64654473257414
-57.831699999999955,37.70780571173497
-57.331699999999955,37.77102040898413
-56.831699999999955,37.828603054797114
-56.331699999999955,37.888139394679655
-55.831699999999955,37.942020532928446
-55.331699999999955,37.997855338095874
-54.831699999999955,38.04801327889204
-54.331699999999955,38.100124856339086
-53.831699999999955,38.14653940269653
-53.331699999999955,38.19490755233656
-52.831699999999955,38.23756000814711
-52.331699999999955,38.282166030788815
-51.831699999999955,38.321039208195806
-51.331699999999955,38.36186591291776
-50.831699999999955,38.39694413908479
-50.331699999999955,38.43397585000518
-49.831699999999955,38.46524497327729
-49.331699999999955,38.49846753571607
-48.831699999999955,38.525914931170895
-48.331699999999955,38.555315717201836
-47.831699999999955,38.57893029158874
-47.331699999999955,38.60449820497942
-46.831699999999955,38.62427040104445
-46.331699999999955,38.64599588158204
-45.831699999999955,38.66191768177711
-45.331699999999955,38.67979270897838
-44.831699999999955,38.69185763855331
-44.331699999999955,38.70587573475743
-43.831699999999955,38.714078864233514
-43.331699999999955,38.72423509707635
-42.831699999999955,38.72857304410063
-42.331699999999955,38.73486402836973
-41.831699999999955,38.73533495894922
-41.331699999999955,38.73775885781867
-40.831699999999955,38.73436248693405
-40.331699999999955,38.73291901257886
-39.831699999999955,38.72565660417759
-39.331699999999955,38.720347017767295
-38.831699999999955,38.709221384135944
-38.331699999999955,38.70004849520763
-37.831699999999955,38.68506399572403
-37.331699999999955,38.67203216093489
-36.831699999999955,38.65319470020039
-36.331699999999955,38.63630982146053
-35.831699999999955,38.61362684681331
-35.331699999999955,38.59289636879953
-34.831699999999955,38.566376867209996
-34.331699999999955,38.54180977426154
-33.831699999999955,38.51146426861099
-33.331699999999955,38.48307108100869
-32.831699999999955,38.44891162575299
-32.331699999999955,38.41670439538318
-31.831699999999955,38.37874457160298
-31.331699999999955,38.34273687700814
-30.831699999999955,38.30099178684791
-30.331699999999955,38.261198727665956
-29.831699999999955,38.21568498816394
-29.331699999999955,38.17212317895842
-28.831699999999955,38.12285891527019
-28.331699999999955,38.07554647875401
-27.831699999999955,38.022551316772166
-27.331699999999955,37.97150787642756
-26.831699999999955,37.914802934800775
-26.331699999999955,37.860049606898485
-25.831699999999955,37.79965748845314
-25.331699999999955,37.741216873474116
-24.831699999999955,37.67716165604181
-24.331699999999955,37.615057829504906
-23.831699999999955,37.547365056159805
-23.331699999999955,37.48162355885913
-22.831699999999955,37.410320227569
-22.331699999999955,37.34096805522498
-21.831699999999955,37.26608260792009
-21.331699999999955,37.19314820024837
-20.831699999999955,37.114710511312715
-20.331699999999955,37.038223740515384
-19.831699999999955,36.9562651047049
-19.331699999999955,36.87625726338864
-18.831699999999955,36.790810383181274
-18.331699999999955,36.70731417170734
-17.831699999999955,36.61841314409017
-17.331699999999955,36.531462657361345
-16.831699999999955,36.43914296005993
-16.331699999999955,36.3487736737498
-15.831699999999955,36.25307215090549
-15.331699999999955,36.15932090713554
-14.831699999999955,36.06027575443645
-14.331699999999955,35.96318074690687
-13.831699999999955,35.86083149617851
-13.331699999999955,35.76043225475861
-12.831699999999955,35.654819758020516
-12.331699999999955,35.55115713280503
-11.831699999999955,35.44232354579958
-11.331699999999955,35.335439690637294
-10.831699999999955,35.22342845583766
-10.331699999999955,35.11336681133905
-9.831699999999955,34.998222640442876
-9.331699999999955,34.88502791647344
-8.831699999999955,34.76679677238951
-8.331699999999955,34.65051493005608
-7.831699999999955,34.52924400839108
-7.331699999999955,34.40992224152826
-6.831699999999955,34.28565995158118
-6.331699999999955,34.16334666774532
-5.831699999999955,34.03614261301718
-5.331699999999955,33.91088741399569
-4.831699999999955,33.78079237222231
-4.331699999999955,33.652646034066045
-3.8316999999999553,33.51971193678209
-3.3316999999999553,33.38872638936891
-2.8316999999999553,33.2530063010113
-2.3316999999999553,33.11923460714901
-1.8316999999999553,32.98078270370812
-1.3316999999999553,32.84427903778518
-0.8316999999999553,32.70315058501256
-0.33169999999995525,32.56397021120529
0.16830000000004475,32.42022154238643
0.6683000000000447,32.278420792431305
1.1683000000000447,32.132109285732675
1.6683000000000447,31.98774553627274
2.1683000000000447,31.838929591671985
2.6683000000000447,31.6920612411866
3.1683000000000447,31.540800256995336
3.6683000000000447,31.391486702322304
4.168300000000045,31.237841051310852
4.668300000000045,31.086142663770637
5.168300000000045,30.93017366890436
5.668300000000045,30.776151770035796
6.168300000000045,30.61792167983276
6.668300000000045,30.461638516750128
7.168300000000045,30.301210480270054
7.668300000000045,30.14272920065138
8.168300000000045,29.980167242125866
8.668300000000045,29.819551868842524
9.168300000000045,29.65492086195678
9.668300000000045,29.492236267354627
10.168300000000045,29.32560190919108
10.668300000000045,29.160913789033366
11.168300000000045,28.992342573687566
11.668300000000045,28.825717420770193
12.168300000000045,28.655276612649658
12.668300000000045,28.486781690099367
13.168300000000045,28.31453929691607
13.668300000000045,28.14424261118223
14.168300000000045,27.970267356649593
14.668300000000045,27.79823763020056
15.168300000000045,27.622598926445935
15.668300000000045,27.448905570180806
16.168300000000045,27.271673489884506
16.668300000000045,27.096386575271488
17.168300000000045,26.91763182354356
17.668300000000045,26.740822054496068
18.168300000000045,26.56061594050214
18.668300000000045,26.38235462500389
19.168300000000045,26.200769033351435
19.668300000000045,26.021128054842062
20.168300000000045,25.8382354167386
20.668300000000045,25.657287205271142
21.168300000000045,25.47316046946595
21.668300000000045,25.290977972647852
22.168300000000045,25.10569057616886
22.668300000000045,24.9223472298982
23.168300000000045,24.735973068595815
23.668300000000045,24.551542767604392
24.168300000000045,24.364156166514068
24.668300000000045,24.178713234729308
25.168300000000045,23.990388918264745
25.668300000000045,23.80400807900219
26.168300000000045,23.61482114099119
26.668300000000045,23.42757748698967
27.168300000000045,23.237603360564577
27.668300000000045,23.04957232387596
28.168300000000045,22.858886751230834
28.668300000000045,22.670144072976516
29.168300000000045,22.47882307500318
29.668300000000045,22.289444775009457
30.168300000000045,22.097564620824524
30.668300000000045,21.90762696714896
31.168300000000045,21.71526414352417
31.668300000000045,21.524843621885257
32.168300000000045,21.332074802593308
32.668300000000045,21.141248085715645
33.168300000000045,20.94815010080381
33.668300000000045,20.756994017691095
34.168300000000045,20.563643822695056
34.668300000000045,20.37223532784323
35.168300000000045,20.17870997295328
35.668300000000045,19.98712611551618
36.168300000000045,19.79350271470838
36.668300000000045,19.60182060762821
37.168300000000045,19.408176307772706
37.668300000000045,19.216473096887764
38.168300000000045,19.022885046846717
38.668300000000045,18.831237879988755
39.168300000000045,18.63778319971628
39.668300000000045,18.44626919580984
40.168300000000045,18.25302494546633
40.668300000000045,18.061721163642492
41.168300000000045,17.86876431273567
41.668300000000045,17.67774772147257
42.168300000000045,17.485155118037707
42.668300000000045,17.294502564340206
43.168300000000045,17.102350904172884
43.668300000000045,16.91213908280369
44.168300000000045,16.72050487875087
44.668300000000045,16.530810301525563
45.168300000000045,16.33976985286383
45.668300000000045,16.1506688180219
46.168300000000045,15.96029817991298
46.668300000000045,15.771866741577334
47.168300000000045,15.582241694629783
47.668300000000045,15.39455563236687
48.168300000000045,15.20575165230946
48.668300000000045,15.01888644080221
49.168300000000045,14.830978668282242
49.668300000000045,14.645009447127956
50.168300000000045,14.458072657646664
50.668300000000045,14.273074201291992
51.168300000000045,14.08718277528897
51.668300000000045,13.903229463113977
52.168300000000045,13.71845735621271
52.668300000000045,13.535623142776027
53.168300000000045,13.352043856202384
53.668300000000045,13.170402241659337
54.168300000000045,12.988088792844856
54.668300000000045,12.80771279355046
55.168300000000045,12.626737686932247
55.668300000000045,12.447699806240761
56.168300000000045,12.268135004269626
56.668300000000045,12.090507203542428
57.168300000000045,11.912424097910908
57.668300000000045,11.736277767744243
58.168300000000045,11.559747150845995
58.668300000000045,11.38515308253013
59.168300000000045,11.210245119162133
59.668300000000045,11.037273476383334
60.168300000000045,10.864057675702202
60.668300000000045,10.692777966498854
61.168300000000045,10.52132315424249
61.668300000000045,10.351804203226576
62.168300000000045,10.182178494212277
62.668300000000045,10.014488415067326
63.168300000000045,9.846759185977321
63.668300000000045,9.68096535424383
64.16830000000004,9.515199216709158
64.66830000000004,9.351368242868364
65.16830000000004,9.187631016861836
65.66830000000004,9.025828719728581
66.16830000000004,8.864185407277473
66.66830000000004,8.704476787712846
67.16830000000004,8.544991546941798
67.66830000000004,8.387440761896022
68.16830000000004,8.23017688141057
68.66830000000004,8.074847218306502
69.16830000000004,7.919867091927439
69.66830000000004,7.766820943394964
70.16830000000004,7.614186045253632
70.66830000000004,7.463484884224986
71.16830000000004,7.31325574422946
71.66830000000004,7.164960099405483
72.16830000000004,7.017196279087434
72.66830000000004,6.87136571078452
73.16830000000004,6.726125779536398
73.66830000000004,6.582818855923806
74.16830000000004,6.440160367635848
74.66830000000004,6.29943464137284
75.16830000000004,6.1594141114792205
75.66830000000004,6.02132609676138
76.16830000000004,5.883998979704658
76.66830000000004,5.748604129728531
77.16830000000004,5.614024796851398
77.66830000000004,5.4813774817064544
78.16830000000004,5.349599199579606
78.66830000000004,5.219752684576347
79.16830000000004,5.090827593771106
79.66830000000004,4.963834018213962
80.16830000000004,4.837813112528139
80.66830000000004,4.713723468941613
81.16830000000004,4.590656575086879
81.66830000000004,4.469520688903236
82.16830000000004,4.349456446662094
82.66830000000004,4.231322956378681
83.16830000000004,4.11430879923898
83.66830000000004,3.9992251370530814
84.16830000000004,3.88530727332774
84.66830000000004,3.7733196462567107
85.16830000000004,3.6625430406962045
85.66830000000004,3.553696412190364
86.16830000000004,3.4461047680952976
86.66830000000004,3.340442840150935
87.16830000000004,3.23607858199181
87.66830000000004,3.133643777771409
88.16830000000004,3.0325480343224993
88.66830000000004,2.9333814812891066
89.16830000000004,2.835594069283177
89.66830000000004,2.739735582855615
90.16830000000004,2.645294991165953
90.66830000000004,2.55278305890139
91.16830000000004,2.4617264332574615
91.66830000000004,2.3725981995676153
92.16830000000004,2.284961327810411
92.66830000000004,2.199252579217468
93.16830000000004,2.1150698771003937
93.66830000000004,2.0328150280384985
94.16830000000004,1.9521195255794537
94.66830000000004,1.8733516047474041
95.16830000000004,1.796174933137464
95.66830000000004,1.720925570408029
96.16830000000004,1.647297949481916
96.66830000000004,1.5755973633729723
97.16830000000004,1.5055475896462944
97.66830000000004,1.437424575358739
98.16830000000004,1.3709800106367231
98.66830000000004,1.3064619286639108
99.16830000000004,1.2436484892261483
99.66830000000004,1.1827612545393542
100.16830000000004,1.1236034009048332
100.66830000000004,1.0663714727190252
101.16830000000004,1.0108921999954912
101.66830000000004,0.9573385721194494
102.16830000000004,0.9055594009409144
102.66830000000004,0.8557055927155116
103.16830000000004,0.8076465607714725
103.66830000000004,0.7615126085996897
104.16830000000004,0.7171922627594011
104.66830000000004,0.6747967122314086
105.16830000000004,0.6342321012663045
105.66830000000004,0.5955919998827117
106.16830000000004,0.5587986677898324
106.66830000000004,0.5239295582859568
107.16830000000004,0.490921538214998
107.66830000000004,0.4598374524887727
108.16830000000004,0.4306272612751287
108.66830000000004,0.40334071492102
109.16830000000004,0.3779393482269526
109.66830000000004,0.3544613356780158
110.16830000000004,0.33287826374383406
110.66830000000004,0.313218254023795
111.16830000000004,0.29546141803068776
111.66830000000004,0.2796273511176893
112.16830000000004,0.2657031601636056
112.66830000000004,0.2537014439670153
113.16830000000004,0.24361477265674247
113.66830000000004,0.23545028060816964
114.16830000000004,0.2292044672585134
114.66830000000004,0.22488053651793882
115.16830000000004,0.22247738197866113
115.66830000000004,0.2219958122563355
116.16830000000004,0.2234355793472602
116.66830000000004,0.22679663234177996
117.16830000000004,0.23207804590622855
117.66830000000004,0.23928044535895104
118.16830000000004,0.24840069293342437
118.66830000000004,0.25944162529913717
119.16830000000004,0.27239635839891074
119.66830000000004,0.28727147413242254
120.16830000000004,0.3040548101524769
120.66830000000004,0.3227582256105504
121.16830000000004,0.3433627503410118
121.66830000000004,0.3658870502988127
122.16830000000004,0.3903038210538312
122.66830000000004,0.41664006183482105
123.16830000000004,0.444858611193569
123.66830000000004,0.47499632441152273
124.16830000000004,0.5070046645697509
124.66830000000004,0.540931861481336
125.16830000000004,0.5767164892116802
125.66830000000004,0.6144196656777888
126.16830000000004,0.6539655678967731
126.66830000000004,0.6954297099505552
127.16830000000004,0.7387203698900002
127.66830000000004,0.7839289599093021
128.16830000000004,0.8309463638895989
128.66830000000004,0.8798813873712688
129.16830000000004,0.9306060321737428
129.66830000000004,0.983247985107026
130.16830000000004,1.0376588859423719
130.66830000000004,1.0939867827783765
131.16830000000004,1.1520614818479062
131.66830000000004,1.2120528640618817
132.16830000000004,1.2737674397080947
132.66830000000004,1.3373983849510294
133.16830000000004,1.4027274613937728
133.66830000000004,1.4699725932295782
134.16830000000004,1.5388893508838335
134.66830000000004,1.6097218491081522
135.16830000000004,1.6821980354792516
135.66830000000004,1.7565896470156894
136.16830000000004,1.8325955881675329
136.66830000000004,1.9105166385368848
137.16830000000004,1.9900212511284996
137.66830000000004,2.071440656486318
138.16830000000004,2.154411460371877
138.66830000000004,2.2392967401094848
139.16830000000004,2.325699871496676
139.66830000000004,2.414017161400524
140.16830000000004,2.5038173865619275
140.66830000000004,2.595531452525955
141.16830000000004,2.6886921820578853
141.66830000000004,2.7837664343433355
142.16830000000004,2.8802497379663645
142.66830000000004,2.9786462460032643
143.16830000000004,3.0784128678984444
143.66830000000004,3.18009237562278
144.16830000000004,3.283101750297349
144.66830000000004,3.3880236920177103
145.16830000000004,3.4942339606938773
145.66830000000004,3.602356477481168
146.16830000000004,3.7117245050013414
146.66830000000004,3.823004461594923
147.16830000000004,3.9354858538365587
147.66830000000004,4.049878856059992
148.16830000000004,4.165427977853021
148.66830000000004,4.282888390532379
149.16830000000004,4.401458384071975
149.66830000000004,4.521939349449479
150.16830000000004,4.643482153196744
150.66830000000004,4.766935609832299
151.16830000000004,4.89140197789522
151.66830000000004,5.017778680048208
152.16830000000004,5.145118202035082
152.66830000000004,5.274367739518597
153.16830000000004,5.404528860855904
153.66830000000004,5.536599679355423
154.16830000000004,5.669529722061952
154.66830000000004,5.804369143910243
155.16830000000004,5.940014327819097
155.66830000000004,6.077568573218981
156.16830000000004,6.215874037638907
156.66830000000004,6.35608824632532
157.16830000000004,6.496998072132638
157.66830000000004,6.639816325465273
158.16830000000004,6.7832735576174805
158.66830000000004,6.928638901095088
159.16830000000004,7.074585571557094
159.66830000000004,7.222440037744382
160.16830000000004,7.370817188818121
160.66830000000004,7.521101820676013
161.16830000000004,7.671849528724047
161.66830000000004,7.824504403333909
162.16830000000004,7.977561802887463
162.66830000000004,8.132526055559733
163.16830000000004,8.287831363801466
163.66830000000004,8.44504321255899
164.16830000000004,8.602533754170626
164.66830000000004,8.76193052459684
165.16830000000004,8.92154275696169
165.66830000000004,9.083060907403645
166.16830000000004,9.244730446153843
166.66830000000004,9.408305593269946
167.16830000000004,9.57196723816815
167.66830000000004,9.737534182810306
168.16830000000004,9.903121943955435
168.66830000000004,10.070614697375229
169.16830000000004,10.238061821721688
169.66830000000004,10.407413632090012
170.16830000000004,10.576652630269779
170.66830000000004,10.747796009499284
171.16830000000004,10.91875868293602
171.66830000000004,11.091625433795567
172.16830000000004,11.264242902099888
172.66830000000004,11.438764145610142
173.16830000000004,11.612966874245014
173.66830000000004,11.7890730773441
174.16830000000004,11.964790905549279
174.66830000000004,12.142411909017467
175.16830000000004,12.31957407798168
175.66830000000004,12.498639124613812
176.16830000000004,12.67717430588346
176.66830000000004,12.857612068897792
177.16830000000004,13.03744839301068
177.66830000000004,13.219187004682786
178.16830000000004,13.400252090015416
178.66830000000004,13.583219170525586
179.16830000000004,13.765440152342414
179.66830000000004,13.949562838825
180.16830000000004,14.132866398517999
180.66830000000004,14.318071374301004
181.16830000000004,14.502383768807771
181.66830000000004,14.688597292830984
182.16830000000004,14.873844384219604
182.66830000000004,15.06099232061942
183.16830000000004,15.247099605828183
183.66830000000004,15.435107453677285
184.16830000000004,15.622000094397336
184.66830000000004,15.810793017587219
185.16830000000004,15.998395870276147
185.66830000000004,16.18789872753059
186.16830000000004,16.37613637354488
186.66830000000004,16.566273748552234
187.16830000000004,16.755070524386543
187.66830000000004,16.945766756038772
188.16830000000004,17.135046783659835
188.66830000000004,17.326225996386206
189.16830000000004,17.515913213649245
189.66830000000004,17.70749934783246
190.16830000000004,17.897517538967886
190.66830000000004,18.089434381430433
191.16830000000004,18.279707207588594
191.66830000000004,18.471878422137166
192.16830000000004,18.662329451978902
192.66830000000004,18.854678609994558
193.16830000000004,19.045231350315298
193.66830000000004,19.23768196137712
194.16830000000004,19.428259887752258
194.66830000000004,19.62073543028224
195.16830000000004,19.811262017721443
195.66830000000004,20.00368596963833
196.16830000000004,20.194084723236553
196.66830000000004,20.38638059260629
197.16830000000004,20.576575078179207
197.66830000000004,20.768666433849777
198.16830000000004,20.958580308541272
198.66830000000004,21.15039081074959
199.16830000000004,21.339947853599185
199.66830000000004,21.531401284537832
200.16830000000004,21.720525426995614
200.66830000000004,21.911545721327123
201.16830000000004,22.100161077704154
201.66830000000004,22.290672353010606
202.16830000000004,22.47870325085244
202.66830000000004,22.66862983800827
203.16830000000004,22.856000848379495
203.66830000000004,23.045267321835205
204.16830000000004,23.231903289502878
204.66830000000004,23.42043449746762
205.16830000000004,23.60626057097152
205.66830000000004,23.793981665482455
206.16830000000004,23.978923327080018
206.66830000000004,24.165759793946354
207.16830000000004,24.349742889420448
207.66830000000004,24.535620578030215
208.16830000000004,24.718571346347716
208.66830000000004,24.90341649932537
209.16830000000004,25.085261602134675
209.66830000000004,25.26900088483759
210.16830000000004,25.44966743579333
210.66830000000004,25.63222796563541
211.16830000000004,25.81164355953855
211.66830000000004,25.992952935129242
212.16830000000004,26.171045676870953
212.66830000000004,26.351032006957958
213.16830000000004,26.527730540255675
213.66830000000004,26.706322472459846
214.16830000000004,26.88155600837399
214.66830000000004,27.058682757704844
215.16830000000004,27.232381102924855
215.66830000000004,27.407972480065325
216.16830000000004,27.580066064953655
216.66830000000004,27.75405250430284
217.16830000000004,27.924472410685663
217.66830000000004,28.096784998148213
218.16830000000004,28.26546298684185
218.66830000000004,28.436033487353036
219.16830000000004,28.602902025414974
219.66830000000004,28.77166291019031
220.16830000000004,28.936655197883994
220.66830000000004,29.103539671382638
221.16830000000004,29.26658966884521
221.66830000000004,29.431531695436256
222.16830000000004,29.59257414903865
222.66830000000004,29.755508479359733
223.16830000000004,29.914478947748584
223.66830000000004,30.075341144746258
224.16830000000004,30.2321760245571
224.66830000000004,30.390902489198552
225.16830000000004,30.54553904043026
225.66830000000004,30.702067037076148
226.16830000000004,30.85444340811629
226.66830000000004,31.008711089544512
227.16830000000004,31.158766341835744
227.66830000000004,31.310712773906165
228.16830000000004,31.458386906243778
228.66830000000004,31.607952092194164
229.16830000000004,31.75318606464506
229.66830000000004,31.900310969008366
230.16830000000004,32.04304672644198
230.66830000000004,32.187673298575575
231.16830000000004,32.327853793797345
231.66830000000004,32.46992499101471
232.16830000000004,32.60749420749281
232.66830000000004,32.74695401778856
233.16830000000004,32.88185699196494
233.66830000000004,33.018650456324025
234.16830000000004,33.15083329950072
234.66830000000004,33.28490653378301
235.16830000000004,33.414316453575175
235.66830000000004,33.54561666996657
236.16830000000004,33.67220199131354
236.66830000000004,33.80067751933524
237.16830000000004,33.924387705061314
237.66830000000004,34.049988012128686
238.16830000000004,34.17077368304544
238.66830000000004,34.293449394568526
239.16830000000004,34.41126234911064
239.66830000000004,34.53096526812799
240.16830000000004,34.64575850151487
240.66830000000004,34.762441627853214
241.16830000000004,34.874169350768554
241.66830000000004,34.987786899720525
242.16830000000004,35.09640455650264
242.66830000000004,35.206911977015054
243.16830000000004,35.312376263350615
243.66830000000004,35.41973025571625
244.16830000000004,35.52199913583042
244.66830000000004,35.62615766887614
245.16830000000004,35.72519039221223
245.66830000000004,35.82611271997667
246.16830000000004,35.921869837358805
246.66830000000004,36.01951651525298
247.16830000000004,36.11195989452525
247.66830000000004,36.206292794969684
248.16830000000004,36.29538563610563
248.66830000000004,36.38636796363779
249.16830000000004,36.4720748133142
249.66830000000004,36.559671119160285
250.16830000000004,36.64195788478963
250.66830000000004,36.72613408089483
251.16830000000004,36.80496804411058
251.66830000000004,36.88569141662243
252.16830000000004,36.961041246212105
252.66830000000004,37.0382804684114
253.16830000000004,37.11011623269215
253.66830000000004,37.18384137736647
254.16830000000004,37.25213455599829
254.66830000000004,37.32231710725312
255.16830000000004,37.3870406024851
255.66830000000004,37.45365346698793
256.16830000000004,37.514781614333
256.66830000000004,37.577799131986055
257.16830000000004,37.635307710320106
257.66830000000004,37.69470566435729
258.16830000000004,37.748571905438666
258.66830000000004,37.80432753194301
259.16830000000004,37.85453012934855
259.66830000000004,37.90662212618615
260.16830000000004,37.95314124366047
260.66830000000004,38.00154977882765
261.16830000000004,38.04436705804218
261.66830000000004,38.08907377742241
262.16830000000004,38.12817234514122
262.66830000000004,38.169160379668945
263.16830000000004,38.20452485431866
263.66830000000004,38.24177882654696
264.16830000000004,38.273395324188066
264.66830000000004,38.30690135425803
265.16830000000004,38.334757493955266
265.66830000000004,38.36450320496429
266.16830000000004,38.38858811355421
266.66830000000004,38.4145626363214
267.16830000000004,38.43486695257508
267.66830000000004,38.457060929801976
268.16830000000004,38.47357680798132
268.66830000000004,38.49198239780616
269.16830000000004,38.504703510612565
269.66830000000004,38.519314389556875
270.16830000000004,38.528235930471006
270.66830000000004,38.53904729577735
271.16830000000004,38.544165980789245
271.66830000000004,38.55117455214934
272.16830000000004,38.55248862087826
272.66830000000004,38.555692641550806
273.16830000000004,38.553201857754274
273.66830000000004,38.55260109507209
274.16830000000004,38.546306746544325
274.66830000000004,38.541902491810674
275.16830000000004,38.53180738967018
275.66830000000004,38.52360245744456
276.16830000000004,38.509710934811494
276.66830000000004,38.497709661584956
277.16830000000004,38.480027571648726
277.66830000000004,38.46423581390966
278.16830000000004,38.44277052738774
278.66830000000004,38.423195659078715
279.16830000000004,38.397956061067596
279.66830000000004,38.37460697043456
280.16830000000004,38.345603456654366
280.66830000000004,38.31849054248935
281.16830000000004,38.28573501492366
281.66830000000004,38.25487018220273
282.16830000000004,38.21837604413524
282.66830000000004,38.1837726990535
283.16830000000004,38.14355484950391
283.66830000000004,38.10522789390947
284.16830000000004,38.06130272147061
284.66830000000004,38.019268546700125
285.16830000000004,37.97165392277908
285.66830000000004,37.92593040289708
286.16830000000004,37.874645674363
286.66830000000004,37.82525215880803
287.16830000000004,37.77031814004962
287.66830000000004,37.717275445690085
288.16830000000004,37.65871441008617
288.66830000000004,37.60204481268929
289.16830000000004,37.539880483495786
289.66830000000004,37.479607708612974
290.16830000000004,37.41386524927008
290.66830000000004,37.35001446254262
291.16830000000004,37.28072046640627
291.66830000000004,37.21331826329516
292.16830000000004,37.14050074279672
292.66830000000004,37.069575137741
293.16830000000004,36.99326351297982
293.66830000000004,36.91884392798761
294.16830000000004,36.839069014761044
294.66830000000004,36.76118626743816
295.16830000000004,36.677980264713774
295.66830000000004,36.59666655573461
296.16830000000004,36.51006303256993
296.66830000000004,36.425351932595824
297.16830000000004,36.33538581451074
297.66830000000004,36.247312250561095
298.16830000000004,36.15401980536845
298.66830000000004,36.062620046650125
299.16830000000004,35.96603886975046
299.66830000000004,35.871350512951246
300.16830000000004,35.77151951209738
300.66830000000004,35.67358146614944
301.16830000000004,35.57054084568729
301.66830000000004,35.46939331600685
302.16830000000004,35.36318456059871
302.66830000000004,35.258869032808285
303.16830000000004,35.1495348906453
303.66830000000004,35.042094113785105
304.16830000000004,34.92967857929565
304.66830000000004,34.81915654853097
305.16830000000004,34.703704844591925
305.66830000000004,34.590146783423535
306.16830000000004,34.47170534308174
306.66830000000004,34.355157685066374
307.16830000000004,34.233774132777526
307.66830000000004,34.11428450276599
308.16830000000004,33.99000763515874
308.66830000000004,33.867624830059164
309.16830000000004,33.74050459623197
309.66830000000004,33.615278565305964
310.16830000000004,33.48536604666491
310.66830000000004,33.35734787136462
311.16830000000004,33.22469526101009
311.66830000000004,33.093937134364275
312.16830000000004,32.95859771603504
312.66830000000004,32.82515292159255
313.16830000000004,32.687181048175574
313.66830000000004,32.5511039385146
314.16830000000004,32.41055501012941
314.66830000000004,32.271900984941354
315.16830000000004,32.12883142660762
315.66830000000004,31.987656910364276
316.16830000000004,31.842124149261853
316.66830000000004,31.698486568474998
317.16830000000004,31.55054901080536
317.66830000000004,31.404506770887895
318.16830000000004,31.254223778346457
318.66830000000004,31.105836240084443
319.16830000000004,30.953268105953207
319.66830000000004,30.80259556159825
320.16830000000004,30.647803486468316
320.66830000000004,30.49490713545998
321.16830000000004,30.337953202593926
321.66830000000004,30.182895126921906
322.16830000000004,30.02384227726571
322.66830000000004,29.86668541648176
323.16830000000004,29.70559742333652
323.66830000000004,29.54640554922612
324.16830000000004,29.383346992589633
324.66830000000004,29.222184683513657
325.16830000000004,29.057220924102314
325.66830000000004,28.89415353901903
326.16830000000004,28.7273506919804
326.66830000000004,28.56244434415817
327.16830000000004,28.39386925248487
327.66830000000004,28.227190782916278
328.16830000000004,28.05691099057183
328.66830000000004,27.88852794109983
329.16830000000004,27.716611665867344
329.66830000000004,27.546592252034248
330.16830000000004,27.373108358098822
330.66830000000004,27.201521441729085
331.16830000000004,27.026539412004976
331.66830000000004,26.85345447353281
332.16830000000004,26.677044381746427
332.66830000000004,26.50253149229936
333.16830000000004,26.324763974839442
333.66830000000004,26.148893768088996
334.16830000000004,25.969839995635194
334.66830000000004,25.7926836394261
335.16830000000004,25.612415288367348
335.66830000000004,25.434044456136608
336.16830000000004,25.252633679790865
336.66830000000004,25.073120521788212
337.16830000000004,24.890639921435067
337.66830000000004,24.71005703575636
338.16830000000004,24.526579631494123
338.66830000000004,24.345000034939314
339.16830000000004,24.160599236378392
339.66830000000004,23.978096335145775
340.16830000000004,23.79284591195002
340.66830000000004,23.60949347217855
341.16830000000004,23.423467524466396
341.66830000000004,23.23933964263787
342.16830000000004,23.052612571255274
342.66830000000004,22.86778364446831
343.16830000000004,22.68043012114527
343.66830000000004,22.49497481727297
344.16830000000004,22.30706975467568
344.66830000000004,22.121062982418973
345.16830000000004,21.93268150410968
345.66830000000004,21.746198382958422
346.16830000000004,21.557415793274913
346.66830000000004,21.370531623388672
347.16830000000004,21.1814233772556
347.66830000000004,20.994213609276343
348.16830000000004,20.804855281960474
348.66830000000004,20.61739548676919
349.16830000000004,20.42786274359062
349.66830000000004,20.240228582020023
350.16830000000004,20.050597148031645
350.66830000000004,19.86286434054716
351.16830000000004,19.673209970194435
351.66830000000004,19.485454266555504
352.16830000000004,19.295852713328763
352.66830000000004,19.108149862242797
353.16830000000004,18.918676848334208
353.66830000000004,18.731102567115194
354.16830000000004,18.541833753092572
354.66830000000004,18.354463697336644
355.16830000000004,18.165474651846246
355.66830000000004,17.978384385136234
356.16830000000004,17.789750554646723
356.66830000000004,17.603015518297926
357.16830000000004,17.41481219689756
357.66830000000004,17.228507679756827
358.16830000000004,17.040809979016025
358.66830000000004,16.855011087326233
359.16830000000004,16.667893906237566
359.66830000000004,16.4826755335796
360.16830000000004,16.296213528587277
360.66830000000004,16.111650325911484
361.16830000000004,15.92591788104228
361.66830000000004,15.742084226801516
362.16830000000004,15.557155423909157
362.66830000000004,15.374125394305251
363.16830000000004,15.190073983440142
363.66830000000004,15.007921322795777
364.16830000000004,14.824820692711935
364.66830000000004,14.643618783979782
365.16830000000004,14.46154193279078
365.66830000000004,14.281363768211698
366.16830000000004,14.10038327420736
366.66830000000004,13.921301426129357
367.16830000000004,13.741489418764898
367.66830000000004,13.563576010634598
368.16830000000004,13.385004141703778
368.66830000000004,13.208330819241954
369.16830000000004,13.031070234245812
369.66830000000004,12.855708136818514
370.16830000000004,12.679829446541117
370.66830000000004,12.50584917873786
371.16830000000004,12.331422431040426
371.66830000000004,12.15889403447081
372.16830000000004,11.98598868631549
372.66830000000004,11.814981611635485
373.16830000000004,11.64366650134999
373.66830000000004,11.474249580529122
374.16830000000004,11.304592900323259
374.66830000000004,11.136834319163736
375.16830000000004,10.968903587908864
375.66830000000004,10.802870858827653
376.16830000000004,10.636732895109905
376.66830000000004,10.472492830194607
377.16830000000004,10.308213725652662
377.66830000000004,10.145832410001967
378.16830000000004,9.98347750296001
378.66830000000004,9.823020268319365
379.16830000000004,9.662654117725761
379.66830000000004,9.5041855164288
380.16830000000004,9.345871876110884
380.66830000000004,9.18945565533698
381.16830000000004,9.033257448582255
381.66830000000004,8.878956524940524
382.16830000000004,8.724935819414373
382.66830000000004,8.5728122538642
383.16830000000004,8.421030236874177
383.66830000000004,8.271145209992353
384.16830000000004,8.12166216410885
384.66830000000004,7.974075951713112
385.16830000000004,7.826951230756166
385.66830000000004,7.681723179894899
386.16830000000004,7.5370151852967195
386.66830000000004,7.394203690614381
387.16830000000004,7.251969848166983
387.66830000000004,7.1116323286546725
388.16830000000004,6.971929065651897
388.66830000000004,6.8341219417923345
389.16830000000004,6.697004664575391
389.66830000000004,6.561783335891395
390.16830000000004,6.42730640780681
390.66830000000004,6.294725230822252
391.16830000000004,6.162941950601052
391.66830000000004,6.0330542172230155
392.16830000000004,5.904016797789723
392.66830000000004,5.776874714120502
393.16830000000004,5.6506342618403815
393.66830000000004,5.526288927427748
394.16830000000004,5.4028954218005625
394.66830000000004,5.281396809334538
395.16830000000004,5.16089908314288
395.66830000000004,5.042296018607107
396.16830000000004,4.9247417385272065
396.66830000000004,4.809081881812788
397.16830000000004,4.694517529495499
397.66830000000004,4.581847355485021
398.16830000000004,4.470318209114489
398.66830000000004,4.360682989243748
399.16830000000004,4.252233105581102
399.66830000000004,4.145676889885838
400.16830000000004,4.040349086805014
400.66830000000004,3.9369146864597826
401.16830000000004,3.8347505259824177
401.66830000000004,3.734479496338538
402.16830000000004,3.6355192681746606
402.66830000000004,3.5384518923039465
403.16830000000004,3.44273459790498
403.66830000000004,3.3489098706557887
404.16830000000004,3.256473207786191
404.66830000000004,3.165928820358102
405.16830000000004,3.076809168191746
405.66830000000004,2.9895814932349727
406.16830000000004,2.9038138979821637
406.66830000000004,2.8199379752275937
407.16830000000004,2.737556136298409
407.66830000000004,2.657065658723958
408.16830000000004,2.5781019154333693
408.66830000000004,2.501029215972108
409.16830000000004,2.425514534792141
409.66830000000004,2.351890573587445
410.16830000000004,2.279854535951403
410.66830000000004,2.2097088881641573
411.16830000000004,2.1411796788277107
411.66830000000004,2.074540523000357
412.16830000000004,2.009544918964089
412.66830000000004,1.9464390259461197
413.16830000000004,1.8850023859438734
413.66830000000004,1.8254551083831072
414.16830000000004,1.7676013629402758
414.66830000000004,1.7116366253440511
415.16830000000004,1.6573882674096971
415.66830000000004,1.6050285567798837
416.16830000000004,1.5544066329363637
416.66830000000004,1.5056729899818508
417.16830000000004,1.4586970922353832
417.66830000000004,1.4136091031654863
418.16830000000004,1.3702973613208598
418.66830000000004,1.3288731502228466
419.16830000000004,1.2892422248452402
419.66830000000004,1.251498446648939
420.16830000000004,1.2155635226155874
420.66830000000004,1.1815153566478127
421.16830000000004,1.1492901372920095
421.66830000000004,1.1189512814232963
422.16830000000004,1.0904479832729925
422.66830000000004,1.0638306486588969
423.16830000000004,1.0390599967719174
423.66830000000004,1.0161749031908982
424.16830000000004,0.9951461270885474
424.66830000000004,0.9760024988782097
425.16830000000004,0.9587233290788136
425.66830000000004,0.9433288916720475
426.16830000000004,0.9298055568257243
426.66830000000004,0.9181665338880387
427.16830000000004,0.9084037585137548
427.66830000000004,0.9005248696828602
428.16830000000004,0.894525872508589
428.66830000000004,0.8904103317370426
429.16830000000004,0.8881768246435969
429.66830000000004,0.8878263391450801
430.16830000000004,0.8893585267139488
430.66830000000004,0.8927732965135086
431.16830000000004,0.8980698761787859
431.66830000000004,0.9052485942671266
432.16830000000004,0.9143067570713811
432.66830000000004,0.9252466101630493
433.16830000000004,0.9380620421167339
433.66830000000004,0.9527587120118018
434.16830000000004,0.9693255960555676
434.66830000000004,0.9877732616041727
435.16830000000004,1.0080842801732086
435.66830000000004,1.0302756198420702
436.16830000000004,1.0543219580313443
436.66830000000004,1.0802481530711339
437.16830000000004,1.1080195024001747
437.66830000000004,1.1376702406123762
438.16830000000004,1.169154803387994
438.66830000000004,1.2025182834896515
439.16830000000004,1.2377027777647533
439.66830000000004,1.274765714349263
440.16830000000004,1.313635379475686
440.66830000000004,1.3543830085675486
441.16830000000004,1.3969216113405873
441.66830000000004,1.4413376965418045
