candidate_id,target_id,task,preparation_start_s,execution_time_s,angle_deg,normalized_margin,min_distance_m,max_distance_m,max_speed_mps,max_acceleration_mps2
0,S01,射击,476.5076193936855,478.0076193936855,34.953540154794716,0.008058810392333804,17.14102535763305,19.072978073379364,1.9838823792153324,1.1369738987379177
1,S01,射击,480.6076193936864,482.1076193936864,46.76592669282092,0.27114287368690443,11.77857184217261,13.31842115493741,1.4221930042429967,0.8220642861732358
2,S01,射击,481.30761939368654,482.80761939368654,51.72476846139983,0.024498598548175265,11.226268874633366,12.487916043014408,1.9510028029036495,1.0003493536747603
3,S01,射击,492.107619393689,493.607619393689,123.17668128217329,0.049637967468753263,22.294406138247457,23.585148285591206,1.8993945029406911,1.42554304879687
4,S01,射击,492.8076193936892,494.3076193936892,122.1541539462872,0.24570652339895901,23.178758172567843,23.857336915026025,1.0176328276359423,1.1151466216825443
5,S01,射击,494.0076193936894,495.5076193936894,119.72790106880088,0.005879733859645464,23.71837526511774,25.19428334631078,1.988240532280709,1.063578256656062
6,S02,射击,476.5076193936855,478.0076193936855,30.581404552555036,0.008058810392333804,8.88489921996885,10.933937435024308,1.9838823792153324,1.1369738987379177
7,S02,射击,476.8076193936855,478.3076193936855,31.783638386366018,0.13854795468432526,8.463698867108132,10.475201859189983,1.7192389200635068,0.9054189227901801
8,S02,射击,479.1076193936861,480.6076193936861,46.68207487149656,0.0013010843722903688,5.032527109307259,7.239817697470231,1.7749945747446947,0.44598102796129047
9,S02,射击,492.107619393689,493.607619393689,143.20478191092144,0.049637967468753263,23.21816074211427,24.10936074364751,1.8993945029406911,1.42554304879687
10,S02,射击,492.8076193936892,494.3076193936892,142.04103582034062,0.23117179621426118,23.880163937953757,24.22070509464347,1.0176328276359423,1.1151466216825443
11,S02,射击,494.0076193936894,495.5076193936894,138.7338625563659,0.005879733859645464,24.155752037629174,25.135740395729115,1.988240532280709,1.063578256656062
12,S03,射击,452.70761939368,454.20761939368,25.028172745881722,0.0012161027353839416,28.918538818385464,29.9695974316154,1.0226464707164593,1.0047141678714646
13,S03,射击,453.6076193936802,455.1076193936802,24.922996429212926,0.03270089955109867,28.91300805191038,29.182477511222533,0.6713653246539711,1.0047141678714646
14,S03,射击,455.2076193936806,456.7076193936806,24.62808665274532,0.0002793209943064312,29.243303583261426,29.99301697514234,0.663702428582926,0.5113739687902703
15,S03,射击,461.0076193936819,462.5076193936819,21.609804908109737,0.003241679531283239,28.21447302615058,29.91895801171792,1.3416951064418807,0.8200288725538795
16,S03,射击,462.9076193936824,464.4076193936824,22.876314556801862,0.0830154637416517,27.629421781063012,27.924613406458707,0.892579661289359,1.1088512645769357
17,S03,射击,465.707619393683,467.207619393683,22.041863814724902,0.00034532613687204616,29.120316464796144,29.9913668465782,0.9431619055365151,0.8659740533447423
18,S03,射击,467.5076193936834,469.0076193936834,22.79450717466614,6.310383017947174e-05,29.07937475274457,29.998422404245513,1.574452841597741,1.2611608008373254
19,S03,射击,467.9076193936835,469.4076193936835,23.801316962363035,0.003761178090498163,28.574712792566164,29.905970547737546,1.9904668388199214,1.2611608008373254
20,S03,射击,476.5076193936855,478.0076193936855,84.64291467484887,0.008058810392333804,13.378735401222572,13.75643774957013,1.9838823792153324,1.1369738987379177
21,S03,射击,480.7076193936864,482.2076193936864,111.91161106271888,0.29537843304663136,12.72149694932548,13.044060918420183,1.4092431339067373,0.8601936820375523
22,S03,射击,481.30761939368654,482.80761939368654,115.3973612163353,0.024498598548175265,12.722095958562758,13.630429765061129,1.9510028029036495,1.0003493536747603
23,S04,射击,445.0076193936783,446.5076193936783,6.370874522525698,0.3928400844621984,19.490882936619325,20.17899788844504,0.6014382033101697,0.33676809471270475
24,S04,射击,464.20761939368265,465.70761939368265,3.8547707300574174,0.45961261268550474,17.358993864272037,18.43475567428353,1.0231819198105776,0.8105810809717429
25,S04,射击,467.9076193936835,469.4076193936835,3.629149217553689,0.0047665805900393154,17.880300849409057,19.511245633726663,1.9904668388199214,1.2611608008373254
26,S04,射击,476.5076193936855,478.0076193936855,157.50201098114417,0.008058810392333804,5.538566108898399,7.631756751591727,1.9838823792153324,1.1369738987379177
27,S04,射击,480.7076193936864,482.2076193936864,172.63604469014786,0.2621418940914167,11.553547352285417,13.277238676676456,1.4092431339067373,0.8601936820375523
28,S04,射击,481.30761939368654,482.80761939368654,172.2979998539512,0.024498598548175265,12.213530127491504,14.274782771509436,1.9510028029036495,1.0003493536747603
29,S05,射击,445.0076193936783,446.5076193936783,40.44448457844252,0.4081464311826384,15.20366077956596,15.533902061448718,0.6014382033101697,0.33676809471270475
30,S05,射击,450.3076193936795,451.8076193936795,41.62830574932457,0.4261521705918707,15.653804264796769,15.826122809824827,0.598667501942969,0.7834625853317327
31,S05,射击,467.9076193936835,469.4076193936835,41.32423869894818,0.0047665805900393154,13.375029593101981,14.358002681836199,1.9904668388199214,1.2611608008373254
32,S05,射击,476.5076193936855,478.0076193936855,144.4304147865406,0.008058810392333804,16.400816288761266,18.257622327267757,1.9838823792153324,1.1369738987379177
33,S05,射击,480.6076193936864,482.1076193936864,155.75612211872468,0.2861253491314281,21.403073707438384,22.846866271714298,1.4221930042429967,0.8220642861732358
34,S05,射击,481.30761939368654,482.80761939368654,156.34489862238144,0.024498598548175265,22.017032243821223,23.959112708056754,1.9510028029036495,1.0003493536747603
35,S06,射击,445.0076193936783,446.5076193936783,53.66735283238828,0.061312881147045244,6.532822028676131,6.711829532359009,0.6014382033101697,0.33676809471270475
36,S06,射击,450.4076193936795,451.9076193936795,55.75119848382041,0.07996766080664522,6.99919152016613,7.165768683095405,0.6638643428569642,0.7834625853317327
37,S06,射击,460.1076193936817,461.6076193936817,49.3550466043226,0.0008743577452635165,5.021858943631588,6.500099804023026,1.333590149180225,0.7948045753929569
38,S06,射击,465.5076193936829,467.0076193936829,45.94695906757389,0.002734502268761112,5.068362556719028,5.6337292362744025,0.9746711962292911,0.8105810809717429
39,S06,射击,466.3076193936831,467.8076193936831,42.854437997886535,0.01991374067324152,5.497843516831038,5.633729236274404,0.8824907914902891,1.165704497206224
40,S06,射击,467.4076193936834,468.9076193936834,51.153394578002995,0.0008572144065486498,5.021430360163716,5.5984816583933705,1.4628902261306629,1.2611608008373254
41,S06,射击,476.5076193936855,478.0076193936855,165.05264612830388,0.008058810392333804,21.09480342027949,23.34070017323456,1.9838823792153324,1.1369738987379177
42,S06,射击,476.9076193936856,478.4076193936856,165.62664438716183,0.17851055508464186,21.80977575341666,23.91288185523136,1.6429788898307163,0.9054189227901801
43,S06,射击,481.2076193936865,482.7076193936865,170.42199510947125,0.004922251515859273,27.905544960736027,29.876943712103518,1.8514814041235026,0.9531608569985406
44,S07,射击,445.0076193936783,446.5076193936783,99.72275764149379,0.3800060658120259,14.500151645300647,14.977917260873513,0.6014382033101697,0.33676809471270475
45,S07,射击,451.0076193936797,452.5076193936797,100.96905529252622,0.41459248341460136,15.364812085365035,15.485904259727302,0.98276760925017,0.7834625853317327
46,S07,射击,467.9076193936835,469.4076193936835,106.45400893555616,0.0047665805900393154,13.431207789975764,14.31815761089201,1.9904668388199214,1.2611608008373254
47,S08,射击,445.0076193936783,446.5076193936783,159.9806845120047,0.16040887753625127,9.010221938406282,9.82301747257457,0.6014382033101697,0.33676809471270475
48,S08,射击,463.2076193936824,464.7076193936824,170.2533919343727,0.24706180151757537,11.176545037939384,11.371544148700533,0.993660459516714,1.1088512645769357
49,S08,射击,467.9076193936835,469.4076193936835,167.76764429541836,0.0047665805900393154,9.27895392870655,11.00541793100113,1.9904668388199214,1.2611608008373254
50,S09,射击,445.0076193936783,446.5076193936783,148.97665851715107,0.372445039404808,19.870943948217743,20.6888740148798,0.6014382033101697,0.33676809471270475
51,S09,射击,459.7076193936816,461.2076193936816,151.903859488259,0.3794686386186511,20.368757607453883,20.513284034533722,1.2297085251273288,0.7948045753929569
52,S09,射击,467.9076193936835,469.4076193936835,153.42539402697034,0.0047665805900393154,19.8215596406838,21.530160843368236,1.9904668388199214,1.2611608008373254
53,S10,射击,506.80761939369233,508.30761939369233,209.09462369702203,0.020848498962780182,10.092107527928624,11.225864009419551,1.9583030020744396,0.5887210116956547
54,S10,射击,525.5076193936966,527.0076193936966,144.24560774920857,0.466633881098946,16.66584702747365,17.486238481538578,1.0094537489467623,0.7913770543746184
55,S10,射击,526.8076193936969,528.3076193936969,147.10624596128255,0.01722092056555391,17.33778532426227,19.236743055970273,1.9655581588688922,0.879154924449326
56,S10,射击,529.9076193936976,531.4076193936976,153.4391446324233,0.01723930887079661,22.323287681557552,24.081818615408213,1.9655213822584068,0.9957995692022048
57,S10,射击,530.5076193936977,532.0076193936977,154.48268362090906,0.22797226024371128,23.27013374524025,24.300693493907218,1.5022843355081896,0.9957995692022048
58,S10,射击,534.3076193936986,535.8076193936986,159.0419123724259,0.023236875174244553,25.43818831270137,27.207111742165953,1.953526249651511,1.0170695772683038
59,S10,射击,650.607619393725,652.107619393725,104.72836682115489,0.053311651063424094,10.497982007644062,12.102865341513246,1.190061307152374,1.4200325234048639
60,S10,射击,651.0076193937251,652.5076193937251,104.95730591297277,0.21440407952515197,10.859891979635833,12.47936775309249,1.1900613071523753,1.178393880712272
61,S10,射击,651.2076193937252,652.7076193937252,105.30643140593075,0.034792559385304234,11.068895064475296,12.617331637941408,1.1900613071523753,1.4478111609220436
62,S10,射击,762.0076193937504,763.5076193937504,84.44654985048177,0.04151921043578155,10.742614529960695,10.826878754306318,1.916961579128437,1.272556838551422
63,S10,射击,762.4076193937505,763.9076193937505,86.80372462724684,0.22550718980494872,10.637679745123718,10.826878754306325,1.4356790428765869,1.1359107987404304
64,S10,射击,763.4076193937507,764.9076193937507,95.59064280649426,0.009826392702054876,10.48298635788955,10.764251506709753,1.9803472145958902,0.7951738100835422
65,S10,射击,767.2076193937515,768.7076193937515,127.0861952291445,0.009761480272062473,12.357206468492665,14.064690989307936,1.980477039455875,0.7821879252411172
66,S10,射击,797.5076193937584,799.0076193937584,127.98171796059275,0.43638973489599686,15.909743372399921,15.930843665466508,0.13675473055792775,0.4373288685478446
67,S10,射击,812.2076193937618,813.7076193937618,135.13053200685346,0.017275834930905603,14.449008464999553,14.913325379471114,1.8966287006787923,1.4740862476036416
68,S11,射击,506.80761939369233,508.30761939369233,173.73093895962307,0.020848498962780182,16.07486297080973,16.416835341379016,1.9583030020744396,0.5887210116956547
69,S11,射击,509.3076193936929,510.8076193936929,167.09307170266968,0.4743576369116471,16.858940922791177,17.288709593989932,1.024137851106964,0.537094032294378
70,S11,射击,526.8076193936969,528.3076193936969,144.05956188370283,0.01722092056555391,27.36377406446105,29.214284272688474,1.9655581588688922,0.879154924449326
71,S11,射击,650.607619393725,652.107619393725,119.88488587115614,0.053311651063424094,19.59333540849202,21.227901311651117,1.190061307152374,1.4200325234048639
72,S11,射击,651.0076193937251,652.5076193937251,119.75153152058755,0.21440407952515197,20.011150710559573,21.604306846661828,1.1900613071523753,1.178393880712272
73,S11,射击,651.2076193937252,652.7076193937252,119.854667289224,0.034792559385304234,20.228228463836007,21.757137534367143,1.1900613071523753,1.4478111609220436
74,S11,射击,748.9076193937474,750.4076193937474,11.247729995612891,0.014143009869044043,24.060386549426706,25.48196717653289,1.971713980261912,0.6931962997089487
75,S11,射击,750.0076193937476,751.5076193937476,14.198800856356986,0.2270396021158348,23.26763452739084,24.32400994710413,1.5055912249264098,0.5437597655591931
76,S11,射击,751.0076193937479,752.5076193937479,17.511776330299664,0.0016416700648586025,22.10004342618323,23.673573983866355,1.9967166598702828,0.6060992092349274
77,S11,射击,762.0076193937504,763.5076193937504,110.377691099816,0.04151921043578155,17.693397179364393,18.553301908367043,1.916961579128437,1.272556838551422
78,S11,射击,762.6076193937505,764.1076193937505,112.53430868484092,0.2991766881166432,18.20633684652228,18.706151759416407,1.4016466237667136,0.9613727622354094
79,S11,射击,763.4076193937507,764.9076193937507,116.43417800984847,0.009826392702054876,18.529605889357164,19.143563164433267,1.9803472145958902,0.7951738100835422
80,S11,射击,767.2076193937515,768.7076193937515,131.72718443335597,0.009761480272062473,22.112172345908125,24.01082091462273,1.980477039455875,0.7821879252411172
81,S11,射击,808.3076193937609,809.8076193937609,133.0709738337301,0.3054686169175153,22.11263352349164,22.363284577062117,0.8731606491254572,0.9548182444870457
82,S11,射击,812.2076193937618,813.7076193937618,136.40019492615795,0.017275834930905603,24.497201962326244,24.921508122034734,1.8966287006787923,1.4740862476036416
83,S12,射击,506.80761939369233,508.30761939369233,203.61557487785586,0.020848498962780182,26.977963875919073,27.778427534653158,1.9583030020744396,0.5887210116956547
84,S12,射击,517.5076193936948,519.0076193936948,177.06417185957753,0.23917551050910105,23.871059826567038,24.020612237272474,1.5013019246505084,0.788189610134824
85,S12,射击,525.0076193936965,526.5076193936965,171.65989574799198,0.0007671577159443643,28.767301765248945,29.98082105710139,1.1960718708774143,0.5480372326504203
86,S12,射击,650.607619393725,652.107619393725,162.99077783971686,0.053311651063424094,18.772295315088716,19.84506278529965,1.190061307152374,1.4200325234048639
87,S12,射击,651.0076193937251,652.5076193937251,162.15249377312836,0.21440407952515197,19.158293870902703,20.08761959042381,1.1900613071523753,1.178393880712272
88,S12,射击,651.2076193937252,652.7076193937252,161.94256152389644,0.034792559385304234,19.310126970777873,20.226995175895823,1.1900613071523753,1.4478111609220436
89,S12,射击,748.9076193937474,750.4076193937474,332.5140209133487,0.014143009869044043,17.13206081476047,19.392662365485954,1.971713980261912,0.6931962997089487
90,S12,射击,749.9076193937476,751.4076193937476,333.92169399565284,0.2700253959772809,15.890327188404997,17.749860391375545,1.4599492080454382,0.5616187999562501
91,S12,射击,751.0076193937479,752.5076193937479,334.8545392893981,0.0016416700648586025,14.002841863552867,16.421997871413712,1.9967166598702828,0.6060992092349274
92,S12,射击,762.0076193937504,763.5076193937504,162.1264791554032,0.04151921043578155,13.791303473037674,15.613978686128547,1.916961579128437,1.272556838551422
93,S12,射击,762.6076193937505,764.1076193937505,163.27619101665496,0.2991766881166432,14.725137083637948,16.25648207707043,1.4016466237667136,0.9613727622354094
94,S12,射击,763.4076193937507,764.9076193937507,164.97547798125512,0.009826392702054876,15.522469054979998,17.521087679453824,1.9803472145958902,0.7951738100835422
95,S12,射击,767.2076193937515,768.7076193937515,167.69136956594568,0.009761480272062473,22.481870129141452,24.95485634528901,1.980477039455875,0.7821879252411172
96,S12,射击,807.8076193937608,809.3076193937608,171.2270345676383,0.25015903217026747,23.612971283009482,23.746024195743313,1.1125360076411712,0.9548182444870457
97,S12,射击,812.2076193937618,813.7076193937618,170.6721238332942,0.017275834930905603,25.872862661624453,26.490526733504414,1.8966287006787923,1.4740862476036416
98,S13,射击,762.0076193937504,763.5076193937504,151.49065379418772,0.02739319694248209,27.574375281035994,29.315170076437948,1.916961579128437,1.272556838551422
99,S13,射击,762.6076193937505,764.1076193937505,152.33145700756194,0.004542633821350392,28.485945363459333,29.88643415446624,1.4016466237667136,0.9613727622354094
100,S14,射击,748.9076193937474,750.4076193937474,248.10696455928735,0.014143009869044043,11.000311395279436,12.062124355270683,1.971713980261912,0.6931962997089487
101,S14,射击,749.7076193937476,751.2076193937476,243.06252353351823,0.22486239138170908,10.621559784542727,11.450821191093189,1.5112547797572233,0.6480388877701024
102,S14,射击,751.0076193937479,752.5076193937479,231.23813366610113,0.0016416700648586025,10.477792672384568,10.698533895864948,1.9967166598702828,0.6060992092349274
103,S15,射击,748.9076193937474,750.4076193937474,183.81492884169955,0.014143009869044043,12.16864581761921,13.631947208759765,1.971713980261912,0.6931962997089487
104,S15,射击,749.9076193937476,751.4076193937476,179.9423145653845,0.2700253959772809,13.23987843481656,14.527409453160411,1.4599492080454382,0.5616187999562501
105,S15,射击,751.0076193937479,752.5076193937479,176.2743839217394,0.0016416700648586025,14.119891710953375,16.1583282543935,1.9967166598702828,0.6060992092349274
106,S16,射击,748.9076193937474,750.4076193937474,198.91953650532355,0.014143009869044043,22.167772473435598,23.15256156050855,1.971713980261912,0.6931962997089487
107,S16,射击,749.8076193937476,751.3076193937476,196.3802583998837,0.2528775886382137,22.85372805728563,23.67806028404466,1.4601575624007253,0.5616187999562501
108,S16,射击,751.0076193937479,752.5076193937479,192.802273467543,0.0016416700648586025,23.468734815202005,25.04683044125728,1.9967166598702828,0.6060992092349274
109,P01,拍照,477.2076193936854,477.7076193936854,326.66946258065116,0.010185656365488072,25.34733012209942,25.924486704003055,1.484721515451768,0.566966709521421
110,P01,拍照,477.4076193936854,477.9076193936854,326.2505379564047,0.036237252360384,25.12915296839122,25.683240690409328,1.445644121459424,0.3860877562976437
111,P01,拍照,477.5076193936855,478.0076193936855,326.0298573297647,0.015016011744596991,25.01911440971785,25.568939625577265,1.4774759823831045,0.3860877562976437
112,P01,拍照,480.5076193936861,481.0076193936861,316.8740161444938,0.024449840734090362,21.997444954214654,22.29517773564423,1.4633252388988645,0.43637174671163004
113,P01,拍照,481.2076193936863,481.7076193936863,315.0425830507615,0.20520940878556995,21.56571626137184,21.88684176180197,1.192185886821645,0.6603343456964805
114,P01,拍照,481.3076193936863,481.8076193936863,314.8123151353843,0.2085521250717227,21.486373317736337,21.829652693839815,1.187171812392416,0.7434288656918581
115,P01,拍照,481.8076193936864,482.3076193936864,313.6816015177067,0.008198335366226939,20.97993907411488,21.48637331773624,1.4877024969506596,0.8811480113298017
116,P01,拍照,507.7076193936923,508.2076193936923,99.74757321655909,0.0001501853117815699,31.755824018934042,32.441498958814016,1.4997747220323276,0.5887210116956547
117,P01,拍照,508.40761939369247,508.90761939369247,99.904797844392,0.22686040367349397,32.680970364971,33.19418788979518,1.1520104389765444,0.5702991794653427
118,P01,拍照,508.7076193936925,509.2076193936925,100.00059854843121,0.21837971191782585,33.00320291960649,33.448608642465224,1.0151606753410403,0.529002114315142
119,P01,拍照,511.6076193936932,512.1076193936932,99.70596492451855,0.0033899185451483995,35.660514532542926,36.37972578521428,1.4949151221822774,0.32277008026046566
120,P01,拍照,513.4076193936936,513.9076193936936,99.12561921219047,0.005795751115754773,38.347978626382975,39.06177372696571,1.4913063733263678,0.31967466625193114
121,P01,拍照,514.0076193936937,514.5076193936937,98.72971012015896,0.004011567028626454,39.20077241603381,39.879652989141206,1.4492637913497526,0.21922531710984308
122,P02,拍照,477.2076193936854,477.7076193936854,300.53025986826395,0.010185656365488072,24.760294749004164,25.096305762298336,1.484721515451768,0.566966709521421
123,P02,拍照,477.3076193936854,477.8076193936854,300.22959932424135,0.033061412824092994,24.702397985824636,25.020079099714938,1.4504078807638605,0.48179528210645195
124,P02,拍照,477.4076193936854,477.9076193936854,299.9226636973707,0.036237252360384,24.64615839965899,24.94918464682775,1.445644121459424,0.3860877562976437
125,P02,拍照,477.5076193936855,478.0076193936855,299.6075228738438,0.015016011744596991,24.59047759225463,24.882918628321544,1.4774759823831045,0.3860877562976437
126,P02,拍照,480.5076193936861,481.0076193936861,288.37908415004074,0.024449840734090362,23.613855100000166,23.643591516592952,1.4633252388988645,0.43637174671163004
127,P02,拍照,481.3076193936863,481.8076193936863,286.1181903928836,0.2085521250717227,23.5693325988793,23.64963575905847,1.187171812392416,0.7434288656918581
128,P02,拍照,481.7076193936864,482.2076193936864,284.9457997550279,0.060504577395508484,23.389494818812558,23.59744102135042,1.4092431339067373,0.8601936820375523
129,P02,拍照,481.8076193936864,482.3076193936864,284.6240386684959,0.008198335366226939,23.328216911751053,23.569332598879264,1.4877024969506596,0.8811480113298017
130,P02,拍照,492.4076193936888,492.9076193936888,218.63817446463625,0.008579500214407343,19.13235650139119,19.483498962967307,1.487130749678389,1.371825059208634
131,P02,拍照,493.00761939368897,493.50761939368897,217.82506516609965,0.29267729609630017,18.780318882889006,19.07061952623398,0.8439275993639125,0.9183692932289962
132,P02,拍照,494.4076193936893,494.9076193936893,215.5747643563011,0.06330680839051173,17.776110174744815,18.204351076666036,1.4050397874142324,1.043980681873862
133,P02,拍照,507.7076193936923,508.2076193936923,119.83409002283803,0.0001501853117815699,27.690818763986226,28.32738840422338,1.4997747220323276,0.5887210116956547
134,P02,拍照,508.80761939369256,509.30761939369256,119.41098734144599,0.352419318193234,28.97202721842781,29.403275733997578,0.971371022710149,0.4739986137175323
135,P02,拍照,511.6076193936932,512.1076193936932,117.37078500802812,0.0033899185451483995,31.383973363080596,32.04660322776226,1.4949151221822774,0.32277008026046566
136,P02,拍照,513.4076193936936,513.9076193936936,115.39373770414888,0.005795751115754773,33.86579035602155,34.500756718415296,1.4913063733263678,0.31967466625193114
137,P02,拍照,515.207619393694,515.707619393694,112.97807395207742,0.11853399255412427,35.96990239525876,36.44398022337627,1.3157641778016986,0.2921224053098335
138,P02,拍照,518.4076193936947,518.9076193936947,110.06176797310567,0.03500489083819455,38.34272442248769,38.94985327485416,1.4285428953864454,0.788189610134824
139,P02,拍照,749.8076193937474,750.3076193937474,46.734313623456345,0.026561625066106636,37.70931974618695,37.76119648891189,1.46015756240084,0.5616187999562501
140,P02,拍照,750.0076193937474,750.5076193937474,47.11389176752851,0.07373259443412389,37.724898809005644,37.78802216697628,1.3690251751020421,0.43931534665192484
141,P02,拍照,750.9076193937476,751.4076193937476,48.90261985198747,0.0267005279697079,37.83066873954606,37.84256590114462,1.4599492080454382,0.5437597655591931
142,P03,拍照,445.00761939367806,445.50761939367806,345.2881384803357,0.2643696865978323,31.777526193570566,32.06890940206503,0.6014382033101697,0.02202458129566406
143,P03,拍照,455.5076193936805,456.0076193936805,345.0062265291169,0.31192634860564433,30.38427246763352,30.64220954183067,0.6637024285829265,0.42264393742442613
144,P03,拍照,464.0076193936824,464.5076193936824,341.5515922795027,0.33628378627045474,29.873084536789843,29.911486411886358,0.9369909840880116,0.9046270650407524
145,P03,拍照,468.4076193936834,468.9076193936834,342.72565949716875,0.024739849246224743,30.945459149378966,31.529136635972943,1.4628902261306629,1.2611608008373254
146,P03,拍照,492.4076193936888,492.9076193936888,174.2178686786122,0.008579500214407343,23.280172536876456,23.363240222573637,1.487130749678389,1.371825059208634
147,P03,拍照,493.207619393689,493.707619393689,172.84463606231745,0.44193034468574965,23.25791034057249,23.349651210540387,0.7229260087082917,0.6783804479038826
148,P03,拍照,494.4076193936893,494.9076193936893,170.13293340262732,0.06330680839051173,23.094879898705724,23.11875549573366,1.4050397874142324,1.043980681873862
149,P04,拍照,445.00761939367806,445.50761939367806,319.0969893289129,0.37822142894505767,28.360896572827055,28.65335713164827,0.6014382033101697,0.02202458129566406
150,P04,拍照,451.1076193936794,451.6076193936794,320.0059073390729,0.4049128580837947,27.682089144255006,27.85261425748616,0.4778345261714008,0.7764121964321212
151,P04,拍照,454.6076193936802,455.1076193936802,316.7352593996639,0.4285909247843312,27.031531708103497,27.142272256470065,0.601734116358679,0.8548438004863452
152,P04,拍照,464.0076193936824,464.5076193936824,313.6922758040161,0.37533934394132557,27.612508319904578,27.772917792683668,0.9369909840880116,0.9046270650407524
153,P04,拍照,468.4076193936834,468.9076193936834,315.8039775610922,0.024739849246224743,28.24377609539713,28.769934101570406,1.4628902261306629,1.2611608008373254
154,P04,拍照,477.2076193936854,477.7076193936854,254.01211219943184,0.010185656365488072,18.01124964256382,18.2327976868529,1.484721515451768,0.566966709521421
155,P04,拍照,477.4076193936854,477.9076193936854,253.18857908762635,0.036237252360384,18.089043608837706,18.344837325112564,1.445644121459424,0.3860877562976437
156,P04,拍照,477.5076193936855,478.0076193936855,252.7729387236765,0.015016011744596991,18.133569688572873,18.405392458430086,1.4774759823831045,0.3860877562976437
157,P04,拍照,480.5076193936861,481.0076193936861,241.4389117215352,0.024449840734090362,20.701323218388463,21.219848242085327,1.4633252388988645,0.43637174671163004
158,P04,拍照,481.1076193936863,481.6076193936863,240.10157460250466,0.18466783257672428,21.313669940682814,21.716651942196183,1.2229982511349136,0.6603343456964805
159,P04,拍照,481.3076193936863,481.8076193936863,239.59625214169068,0.2085521250717227,21.488437656360226,21.84727161144421,1.187171812392416,0.7434288656918581
160,P04,拍照,481.8076193936864,482.3076193936864,238.04421770962387,0.008198335366226939,21.84727161144428,22.125416643435052,1.4877024969506596,0.8811480113298017
161,P04,拍照,492.4076193936888,492.9076193936888,194.05306631952377,0.008579500214407343,33.5484350265603,33.66704976267454,1.487130749678389,1.371825059208634
162,P04,拍照,494.1076193936892,494.6076193936892,192.14832424269534,0.23057102707253516,32.85521897842118,33.082869187823945,1.118163488520754,0.9701028649849707
163,P04,拍照,494.4076193936893,494.9076193936893,191.53290427715152,0.06330680839051173,32.71891836029918,32.946857868675295,1.4050397874142324,1.043980681873862
164,P04,拍照,749.8076193937474,750.3076193937474,75.1797838317655,0.026561625066106636,32.00650314334493,32.37405604347367,1.46015756240084,0.5616187999562501
165,P04,拍照,750.3076193937475,750.8076193937475,76.09398195723058,0.14977715842325937,32.37405604347376,32.72468786625124,1.275334262365111,0.28345305318971614
166,P04,拍照,750.9076193937476,751.4076193937476,77.31656698455775,0.0267005279697079,32.79240084307981,33.12288856803733,1.4599492080454382,0.5437597655591931
167,P05,拍照,445.00761939367806,445.50761939367806,297.1408548639314,0.2848837267798305,31.2063660301413,31.453488196605086,0.6014382033101697,0.02202458129566406
168,P05,拍照,452.10761939367967,452.60761939367967,295.99337972622845,0.3223867686635773,30.31234421943817,30.32839694009268,1.0024478870227087,0.7379199336728899
169,P05,拍照,452.80761939367983,453.30761939367983,294.7024227114256,0.32058302379115117,30.326178849257996,30.37573462876084,1.0191254643132732,0.4525571326172288
170,P05,拍照,468.4076193936834,468.9076193936834,294.30933938964813,0.024739849246224743,31.699793977593202,32.097673649492435,1.4628902261306629,1.2611608008373254
171,P05,拍照,477.2076193936854,477.7076193936854,245.42640053079583,0.010185656365488072,29.06409514250799,29.389415316879,1.484721515451768,0.566966709521421
172,P05,拍照,477.3076193936854,477.8076193936854,245.1892974402331,0.033061412824092994,29.12370726148279,29.462668532717952,1.4504078807638605,0.48179528210645195
173,P05,拍照,477.4076193936854,477.9076193936854,244.95258853567802,0.036237252360384,29.18608149631141,29.538698376337212,1.445644121459424,0.3860877562976437
174,P05,拍照,477.5076193936855,478.0076193936855,244.71360718233018,0.015016011744596991,29.251157449063793,29.617533696809726,1.4774759823831045,0.3860877562976437
175,P05,拍照,480.5076193936861,481.0076193936861,238.07366326397448,0.024449840734090362,32.25393909637495,32.799126391519565,1.4633252388988645,0.43637174671163004
176,P05,拍照,481.3076193936863,481.8076193936863,236.93473016569936,0.2085521250717227,33.081043553727724,33.46203814020265,1.187171812392416,0.7434288656918581
177,P05,拍照,481.8076193936864,482.3076193936864,235.9401576870615,0.008198335366226939,33.46203814020272,33.76468892665117,1.4877024969506596,0.8811480113298017
178,P05,拍照,749.8076193937474,750.3076193937474,87.19966019429343,0.026561625066106636,21.646442345284456,22.123493530371057,1.46015756240084,0.5616187999562501
179,P05,拍照,750.3076193937475,750.8076193937475,88.31270000423463,0.14977715842325937,22.12349353037116,22.575356392473278,1.275334262365111,0.28345305318971614
180,P05,拍照,750.9076193937476,751.4076193937476,89.8200472673895,0.0267005279697079,22.664330296902698,23.114740211150416,1.4599492080454382,0.5437597655591931
181,P06,拍照,462.307619393682,462.807619393682,292.1268338983163,0.0006134165829775994,10.018402497489328,10.068184308494248,1.1454609094133974,1.0387514559104716
182,P06,拍照,462.507619393682,463.007619393682,291.34895446031504,0.001652568671187223,10.049577060135617,10.068184308494248,1.0101378660158227,1.0887878164558777
183,P06,拍照,462.7076193936821,463.2076193936821,290.7747965394137,0.00032001451903062396,10.009600435570919,10.068184308494248,0.8540459252561127,1.1088512645769357
184,P06,拍照,467.2076193936831,467.7076193936831,303.4974748492061,0.001640092067792942,10.049202762033788,10.236258957740603,0.5638782949480129,1.0908958144805603
185,P06,拍照,467.6076193936832,468.1076193936832,302.6691306952302,0.007111258411006934,10.213337752330208,10.247606962111398,0.5435706857461912,1.2160295135670645
186,P06,拍照,468.0076193936833,468.5076193936833,301.3762869641681,0.0004548580918635636,10.013645742755907,10.23518115368512,0.9906752542963254,1.2611608008373254
187,P06,拍照,477.2076193936854,477.7076193936854,196.8808574708308,0.010185656365488072,20.753420443999435,21.446030387730783,1.484721515451768,0.566966709521421
188,P06,拍照,477.5076193936855,478.0076193936855,196.6852500035542,0.015016011744596991,21.170222034092184,21.871807312016568,1.4774759823831045,0.3860877562976437
189,P06,拍照,480.5076193936861,481.0076193936861,195.96684333408544,0.024449840734090362,25.997507534133955,26.674175276358103,1.4633252388988645,0.43637174671163004
190,P06,拍照,481.3076193936863,481.8076193936863,195.85603843471503,0.2085521250717227,27.036365918966098,27.607106151074714,1.187171812392416,0.7434288656918581
191,P06,拍照,481.8076193936864,482.3076193936864,195.35599803917106,0.008198335366226939,27.607106151074845,28.217595079836038,1.4877024969506596,0.8811480113298017
192,P07,拍照,445.00761939367806,445.50761939367806,260.6270744951546,0.31431875072207055,19.429562521662117,19.528631707035384,0.6014382033101697,0.02202458129566406
193,P07,拍照,464.0076193936824,464.5076193936824,254.9605385971799,0.37533934394132557,21.294915460899016,21.696215132263426,0.9369909840880116,0.9046270650407524
194,P07,拍照,464.1076193936824,464.6076193936824,255.04143988309306,0.35734598320528166,21.205114429064427,21.62562544116525,0.9639810251920775,0.9046270650407524
195,P07,拍照,466.807619393683,467.307619393683,260.28922596237044,0.34652678395410336,20.3958035186231,20.58469376061682,0.7683512222760452,0.8659740533447423
196,P07,拍照,468.4076193936834,468.9076193936834,257.89797674832454,0.024739849246224743,20.75032808930597,20.821167946043442,1.4628902261306629,1.2611608008373254
197,P07,拍照,477.2076193936854,477.7076193936854,211.46512351578923,0.010185656365488072,34.10179575138023,34.72847786029978,1.484721515451768,0.566966709521421
198,P07,拍照,477.4076193936854,477.9076193936854,211.2689887755953,0.036237252360384,34.35159844528869,34.98811985528917,1.445644121459424,0.3860877562976437
199,P07,拍照,477.5076193936855,478.0076193936855,211.17238911449363,0.015016011744596991,34.47627583703672,35.122068408139825,1.4774759823831045,0.3860877562976437
200,P07,拍照,480.5076193936861,481.0076193936861,208.97227722107132,0.00948934582718195,39.04070402848469,39.71531962518454,1.4633252388988645,0.43637174671163004
201,P07,拍照,480.7076193936862,481.2076193936862,208.9159157163592,0.001433097650040575,39.322694057545995,39.95700707049878,1.3815361949865337,0.48355799718929543
202,P07,拍照,749.8076193937474,750.3076193937474,117.99595062277596,0.026561625066106636,34.10761241302051,34.76528111580518,1.46015756240084,0.5616187999562501
203,P07,拍照,750.3076193937475,750.8076193937475,118.23489343924855,0.14977715842325937,34.765281115805315,35.37459656269702,1.275334262365111,0.28345305318971614
204,P07,拍照,750.9076193937476,751.4076193937476,118.65014764652824,0.0267005279697079,35.49692504885655,36.13940202174264,1.4599492080454382,0.5437597655591931
205,P08,拍照,445.00761939367806,445.50761939367806,250.61124038385165,0.24087681231889774,32.72613381254602,32.77369563043307,0.6014382033101697,0.02202458129566406
206,P08,拍照,450.70761939367935,451.20761939367935,250.03617934738898,0.2610477812113004,32.06002196436253,32.16856656366099,0.3444565040794847,0.667722418387952
207,P08,拍照,451.1076193936794,451.6076193936794,249.76490383892485,0.26425611687671285,32.052066398423975,32.072316493698615,0.4778345261714008,0.7764121964321212
208,P08,拍照,468.4076193936834,468.9076193936834,249.35852935778317,0.024739849246224743,34.1644499101436,34.18419962229388,1.4628902261306629,1.2611608008373254
209,P08,拍照,749.8076193937474,750.3076193937474,141.65903493802463,0.026561625066106636,29.956102671835733,30.623650993752616,1.46015756240084,0.5616187999562501
210,P08,拍照,750.3076193937475,750.8076193937475,141.45855988618626,0.14977715842325937,30.623650993752754,31.240855272816955,1.275334262365111,0.28345305318971614
211,P08,拍照,750.9076193937476,751.4076193937476,141.35037714174447,0.0267005279697079,31.366870401502105,32.046156048666,1.4599492080454382,0.5437597655591931
212,P09,拍照,445.00761939367806,445.50761939367806,212.24963146128627,0.4407813567860622,23.223440703581865,23.369472989798414,0.6014382033101697,0.02202458129566406
213,P09,拍照,452.0076193936797,452.5076193936797,209.98841191812375,0.34482159383322,23.384483069608393,23.814202615431697,0.98276760925017,0.7379199336728899
214,P09,拍照,454.8076193936803,455.3076193936803,210.30915300545658,0.48973068738599357,24.691920621579808,24.968885306192167,0.6544631640309725,0.6921934496993497
215,P09,拍照,468.4076193936834,468.9076193936834,212.96890321616033,0.024739849246224743,24.610406729234445,24.971654816691245,1.4628902261306629,1.2611608008373254
216,P10,拍照,477.2076193936854,477.7076193936854,45.67347514316449,0.010185656365488072,23.725434237398094,24.2563295067769,1.484721515451768,0.566966709521421
217,P10,拍照,477.4076193936854,477.9076193936854,46.11174307357481,0.036237252360384,23.50401877509986,24.045755412038584,1.445644121459424,0.3860877562976437
218,P10,拍照,477.5076193936855,478.0076193936855,46.33597853094453,0.015016011744596991,23.38993610521896,23.940052908935932,1.4774759823831045,0.3860877562976437
219,P10,拍照,480.5076193936861,481.0076193936861,54.1654813885765,0.024449840734090362,19.56607874201166,20.143308970963588,1.4633252388988645,0.43637174671163004
220,P10,拍照,480.8076193936862,481.3076193936862,54.78810926718413,0.10698376757645593,19.27113111127676,19.785592856792768,1.339524348635316,0.5195552468656172
221,P10,拍照,481.3076193936863,481.8076193936863,56.04422011872992,0.2085521250717227,18.876117892211685,19.271131111276656,1.187171812392416,0.7434288656918581
222,P10,拍照,481.8076193936864,482.3076193936864,57.83747633124536,0.008198335366226939,18.578580113178784,18.876117892211607,1.4877024969506596,0.8811480113298017
223,P10,拍照,492.4076193936888,492.9076193936888,112.5524783082127,0.008579500214407343,27.97839128661757,28.53593534725213,1.487130749678389,1.371825059208634
224,P10,拍照,493.00761939368897,493.50761939368897,112.02449997632559,0.37028989625482917,28.613859071125358,28.891303112355125,0.8439275993639125,0.9183692932289962
225,P10,拍照,494.4076193936893,494.9076193936893,110.50912556641136,0.06330680839051173,29.35436184590026,29.85051837558756,1.4050397874142324,1.043980681873862
226,P11,拍照,445.00761939367806,445.50761939367806,10.05947958124942,0.25110619975255494,32.23119793673557,32.46681400742335,0.6014382033101697,0.02202458129566406
227,P11,拍照,454.0076193936801,454.5076193936801,10.492599505106954,0.3217093322394913,30.308948171497402,30.34872003281526,0.31310290849833244,1.0047141678714646
228,P11,拍照,464.0076193936824,464.5076193936824,8.203038305778403,0.34406833638680445,29.46751392645344,29.677949908395867,0.9369909840880116,0.9046270650407524
229,P11,拍照,468.4076193936834,468.9076193936834,8.399364617280899,0.024739849246224743,30.88085913387096,31.403598664691366,1.4628902261306629,1.2611608008373254
230,P11,拍照,492.4076193936888,492.9076193936888,144.18203287974114,0.008579500214407343,27.064969738137904,27.43237312567443,1.487130749678389,1.371825059208634
231,P11,拍照,493.107619393689,493.607619393689,143.19531488983156,0.4130213950825733,27.513050907938165,27.6093581475228,0.7748853400112783,0.8709140784968361
232,P11,拍照,494.4076193936893,494.9076193936893,140.93812317765514,0.06330680839051173,27.752287484554387,28.022255441798848,1.4050397874142324,1.043980681873862
233,P12,拍照,445.00761939367806,445.50761939367806,42.34346216729889,0.4624612280034514,26.025133738653366,26.126163159896457,0.6014382033101697,0.02202458129566406
234,P12,拍照,453.30761939368,453.80761939368,45.18471998632628,0.3931507469574675,24.687168561711424,25.0302514065256,0.8765492169098101,0.9102738795637988
235,P12,拍照,455.2076193936804,455.7076193936804,44.50493517918539,0.4949325378129553,24.84797613438866,25.14066870919844,0.6637024285829269,0.26337133941849206
236,P12,拍照,468.4076193936834,468.9076193936834,42.27729770064405,0.024739849246224743,24.394763590337444,24.68701349099752,1.4628902261306629,1.2611608008373254
237,P12,拍照,477.2076193936854,477.7076193936854,111.24867341462111,0.010185656365488072,19.717356353779305,19.92717159588843,1.484721515451768,0.566966709521421
238,P12,拍照,477.4076193936854,477.9076193936854,112.0409675364523,0.036237252360384,19.809139514754825,20.000940180596302,1.445644121459424,0.3860877562976437
239,P12,拍照,477.5076193936855,478.0076193936855,112.44602370269835,0.015016011744596991,19.850321037062145,20.03841720007858,1.4774759823831045,0.3860877562976437
240,P12,拍照,480.5076193936861,481.0076193936861,125.25849099007574,0.024449840734090362,21.23641436500799,21.38547746821741,1.4633252388988645,0.43637174671163004
241,P12,拍照,481.3076193936863,481.8076193936863,127.53093706071358,0.2085521250717227,21.490468053529742,21.761184341718536,1.187171812392416,0.7434288656918581
242,P12,拍照,481.8076193936864,482.3076193936864,128.75679626381833,0.008198335366226939,21.761184341718618,22.22020043705213,1.4877024969506596,0.8811480113298017
243,P13,拍照,445.00761939367806,445.50761939367806,34.08742302326382,0.09071551675083936,12.72146550252518,12.863260626634208,0.6014382033101697,0.02202458129566406
244,P13,拍照,450.8076193936794,451.3076193936794,37.0973120399904,0.10231097525687946,13.069329257706384,13.088952965839738,0.3458930673769024,0.667722418387952
245,P13,拍照,462.0076193936819,462.5076193936819,31.022798243153247,0.002402004468966072,10.072060134068982,10.649138880383795,1.2825364613244399,0.8200288725538795
246,P13,拍照,464.6076193936825,465.1076193936825,35.79862899206677,0.002444667834497712,10.073340035034931,10.564381965415228,1.0231819198105765,0.6172319777729739
247,P13,拍照,467.1076193936831,467.6076193936831,29.879993643863948,0.06103739804833938,11.831121941450181,11.86330893235438,0.6297601192062545,1.0908958144805603
248,P13,拍照,468.4076193936834,468.9076193936834,32.736763347495874,0.024739849246224743,11.115109465034221,11.491370453357563,1.4628902261306629,1.2611608008373254
249,P13,拍照,477.2076193936854,477.7076193936854,152.82937150439497,0.010185656365488072,17.28468366375863,17.896841028700816,1.484721515451768,0.566966709521421
250,P13,拍照,477.4076193936854,477.9076193936854,153.33232439056007,0.036237252360384,17.537721807841862,18.134840241448046,1.445644121459424,0.3860877562976437
251,P13,拍照,477.5076193936855,478.0076193936855,153.589798297006,0.015016011744596991,17.65897034248513,18.256288098987703,1.4774759823831045,0.3860877562976437
252,P13,拍照,480.5076193936861,481.0076193936861,161.44898096435654,0.024449840734090362,21.68393396970364,22.19853289897866,1.4633252388988645,0.43637174671163004
253,P13,拍照,481.3076193936863,481.8076193936863,162.65622868625877,0.2085521250717227,22.48753862236956,23.002538248289596,1.187171812392416,0.7434288656918581
254,P13,拍照,481.8076193936864,482.3076193936864,162.96545854667704,0.008198335366226939,23.002538248289724,23.647663104205343,1.4877024969506596,0.8811480113298017
255,P14,拍照,445.00761939367806,445.50761939367806,83.2822282996538,0.3286279062412673,19.85883718723802,19.966921740514177,0.6014382033101697,0.02202458129566406
256,P14,拍照,451.3076193936795,451.8076193936795,84.45228488790266,0.3565230219470389,20.695690658411166,20.717481890821514,0.598667501942969,0.7834625853317327
257,P14,拍照,451.7076193936796,452.2076193936796,85.19578154651455,0.35284139999364306,20.58524199980929,20.708809187895394,0.846878614969977,0.7834625853317327
258,P14,拍照,464.0076193936824,464.5076193936824,90.07986225824871,0.2687755482482662,18.063266447447987,18.434509937188174,0.9369909840880116,0.9046270650407524
259,P14,拍照,468.4076193936834,468.9076193936834,86.48405652549303,0.024739849246224743,18.605986455519993,18.74611510846017,1.4628902261306629,1.2611608008373254
260,P14,拍照,477.2076193936854,477.7076193936854,139.13072029602495,0.010185656365488072,31.389582930649794,31.89869637487027,1.484721515451768,0.566966709521421
261,P14,拍照,477.4076193936854,477.9076193936854,139.50717609682877,0.036237252360384,31.602491888167098,32.09224114529754,1.445644121459424,0.3860877562976437
262,P14,拍照,477.5076193936855,478.0076193936855,139.70054337398085,0.015016011744596991,31.70319798994685,32.19057085740698,1.4774759823831045,0.3860877562976437
263,P14,拍照,480.5076193936861,481.0076193936861,145.95106526332853,0.024449840734090362,34.91812420435381,35.29632709639723,1.4633252388988645,0.43637174671163004
264,P14,拍照,481.00761939368624,481.50761939368624,146.68846526748567,0.1442268661516811,35.29632709639731,35.67319401544957,1.2595554731658927,0.5673344368236576
265,P14,拍照,481.8076193936864,482.3076193936864,147.5009560763325,0.008198335366226939,35.94312392806018,36.530928884963934,1.4877024969506596,0.8811480113298017
266,P15,拍照,445.00761939367806,445.50761939367806,129.56174931233016,0.021920928034538593,10.657627841036158,10.93451143961589,0.6014382033101697,0.02202458129566406
267,P15,拍照,451.7076193936796,452.2076193936796,129.73820048502867,0.057136144660322095,11.714084339809663,11.850759168830658,0.846878614969977,0.7834625853317327
268,P15,拍照,452.80761939367983,453.30761939367983,134.67142815736045,0.06646129810065424,11.993838943019627,12.098617205729811,1.0191254643132732,0.4525571326172288
269,P15,拍照,453.9076193936801,454.4076193936801,136.89576037573016,0.0726552893185391,12.179658679556173,12.19168723289182,0.41128068277454294,1.0047141678714646
270,P15,拍照,463.40761939368224,463.90761939368224,145.20585136694453,0.04611755600094944,11.383526680028483,11.564452889435586,0.613878724484701,1.1020402868639914
271,P15,拍照,464.40761939368247,464.90761939368247,141.04577122717555,0.055695305735862635,11.670859172075879,11.689589826554654,1.0212889245144678,0.6734592909756875
272,P15,拍照,468.4076193936834,468.9076193936834,138.10809574274148,0.013886335609801747,10.416590068294052,10.948825629131488,1.4628902261306629,1.2611608008373254
273,P15,拍照,477.2076193936854,477.7076193936854,164.17620453590217,0.010185656365488072,34.064344452897636,34.73835067274554,1.484721515451768,0.566966709521421
274,P15,拍照,477.4076193936854,477.9076193936854,164.3552644511899,0.036237252360384,34.34145806150542,35.002503921858114,1.445644121459424,0.3860877562976437
275,P15,拍照,477.5076193936855,478.0076193936855,164.4487644024061,0.015016011744596991,34.47508828953719,35.137263072667054,1.4774759823831045,0.3860877562976437
276,P15,拍照,480.5076193936861,481.0076193936861,167.7592617368811,0.018606416859992217,38.87944016999734,39.44180749420023,1.4633252388988645,0.43637174671163004
277,P15,拍照,481.00761939368624,481.50761939368624,168.1712527635723,0.0013149866649788085,39.441807494200354,39.960550400050636,1.2595554731658927,0.5673344368236576
278,P16,拍照,445.00761939367806,445.50761939367806,124.40145768434051,0.4150664068797013,27.282168216486472,27.54800779360896,0.6014382033101697,0.02202458129566406
279,P16,拍照,464.0076193936824,464.5076193936824,130.0376932877222,0.37533934394132557,27.68658047929484,27.865589805046444,0.9369909840880116,0.9046270650407524
280,P16,拍照,466.60761939368297,467.10761939368297,126.29348896578374,0.4240155862696412,26.925224454175336,27.279532411910765,0.8294328507343177,0.7434427769940338
281,P16,拍照,468.4076193936834,468.9076193936834,127.7789582812682,0.024739849246224743,26.860049699902437,27.342328179918066,1.4628902261306629,1.2611608008373254
282,P17,拍照,445.00761939367806,445.50761939367806,149.9631051974702,0.3990526962225322,27.72891633531032,28.028419113324034,0.6014382033101697,0.02202458129566406
283,P17,拍照,463.6076193936823,464.1076193936823,155.26767648268216,0.2879971964829087,29.363958468012303,29.472299605188397,0.7394634091913199,1.0680042052756369
284,P17,拍照,466.807619393683,467.307619393683,152.28245806373957,0.3979406420079004,27.757223984427572,28.061780739762987,0.7683512222760452,0.8659740533447423
285,P17,拍照,468.4076193936834,468.9076193936834,153.10157417537837,0.024739849246224743,27.960860847664062,28.537885385701063,1.4628902261306629,1.2611608008373254
286,P18,拍照,445.00761939367806,445.50761939367806,170.3521226925051,0.29314480186541886,30.921831921957246,31.205655944037435,0.6014382033101697,0.02202458129566406
287,P18,拍照,450.2076193936792,450.7076193936792,169.2795749474239,0.288843722604714,31.319524602376756,31.33468832185858,0.415939912451053,0.42956626600070763
288,P18,拍照,468.4076193936834,468.9076193936834,172.6684318205575,0.024739849246224743,31.640781645626195,32.2137408308505,1.4628902261306629,1.2611608008373254
