序号,目标编号,任务,开始准备时刻(s),任务执行时刻(s),方向角(deg),归一化最小裕度,准备窗最小距离(m),准备窗最大距离(m),准备窗最大速度(m/s),准备窗最大加速度(m/s²)
1,S05,射击,450.31,451.81,41.6310763671896,0.4261040563273591,15.652601408183978,15.82611946503551,0.6001912170366186,0.7834625853317327
2,P04,拍照,454.61,455.11,316.737905842583,0.42856905677659884,27.031898162582614,27.142928296702035,0.6025393926363515,0.8548438004863452
3,P09,拍照,455.21,455.71,210.43206878721952,0.4811628662559722,24.434885987679166,24.753417070734834,0.6636768928679563,0.26337133941849206
4,P12,拍照,456.01,456.51,44.03677332937939,0.4843303655126802,25.297091161654226,25.470089034619594,0.5344698666901821,0.5113739687902703
5,S04,射击,464.21,465.71,3.8557548833351194,0.45961261268550485,17.35970381146281,18.43696530702983,1.0231972455888536,0.8105810809717428
6,P16,拍照,466.61,467.11,126.29323756010892,0.42407476289854246,26.92375486686593,27.277757113043727,0.8288716804757277,0.7436122845527486
7,P03,拍照,493.21,493.71,172.84109070569917,0.44191245922250244,23.257373776675074,23.34938930439513,0.7218461936638279,0.674852977156833
8,S11,射击,509.31,510.81,167.08524481743507,0.47439640976477493,16.859910244119373,17.289317431663857,1.0254162116403862,0.537094032294378
9,S10,射击,525.51,527.01,144.25021084990567,0.4666889148989732,16.66722287247433,17.488191094755095,1.0112471301190955,0.7922598126918287
